,Player,Match_played,Starts,Minutes_played,Gls,Ast,Shots,shots_on_target,goals_per_shot,goals_per_shot_on_target,non_penalty_goals,penalty_goal,CrdY,CrdR,pass_comp,pass_attempt,pass_comp%,tackles_made,successful_tackles,Blocks,interceptions,clearence,Err,Touches,successful_dribbles,dribbles_attempted,successful_dribbles%,fouls_commited,fouls_drawn,offside,crosses,penalty_kick_won,penalty_kick_conceded,own_goal,aerial_duo_won,aerial_duo_lost,Pos,Age,Club_country,Club,Team
0,Emiliano Martínez,7,7,690,0,0,0,0,,,0,0,1,0,120,187,64.2,0,0,0,0,4,0,196,0,0,,0,1,0,0,0,0,0,2,0,GK,29,eng,Aston Villa,Argentina
1,Lionel Messi,7,7,690,7,3,27,13,0.11,0.23,3,4,1,0,300,371,80.9,5,3,2,0,0,0,462,15,34,44.1,10,22,3,20,1,0,0,2,7,FW,34,fr,Paris S-G,Argentina
2,Nicolás Otamendi,7,7,690,0,1,1,0,0,,0,0,2,0,532,577,92.2,10,6,6,9,24,0,641,0,0,,13,5,1,0,0,1,0,21,13,DF,34,pt,Benfica,Argentina
3,Rodrigo De Paul,7,7,599,0,0,7,3,0,0,0,0,0,0,470,562,83.6,11,6,8,7,3,0,626,1,10,10,7,15,0,12,0,0,0,2,3,MF,28,es,Atlético Madrid,Argentina
4,Nahuel Molina,7,6,567,1,1,2,1,0.5,1,1,0,0,0,291,358,81.3,8,4,7,3,11,0,405,1,2,50,3,0,1,6,0,0,0,0,6,DF,24,es,Atlético Madrid,Argentina
5,Alexis Mac Allister,6,6,550,1,1,7,4,0.14,0.25,1,0,0,0,234,265,88.3,9,4,13,3,6,0,332,4,9,44.4,1,13,0,1,0,0,0,5,13,MF,23,eng,Brighton,Argentina
6,Cristian Romero,7,6,547,0,0,0,0,,,0,0,2,0,337,375,89.9,5,3,6,4,26,0,425,1,1,100,12,3,0,0,0,0,0,12,8,DF,24,eng,Tottenham,Argentina
7,Enzo Fernández,7,5,564,1,1,8,3,0.13,0.33,1,0,1,0,412,471,87.5,22,15,7,3,7,0,535,3,6,50,7,6,0,2,0,0,1,9,3,MF,21,pt,Benfica,Argentina
8,Julián Álvarez,7,5,464,4,0,11,8,0.36,0.5,4,0,0,0,93,121,76.9,4,2,8,0,3,0,176,0,4,0,13,2,5,3,1,0,0,2,9,FW,22,eng,Manchester City,Argentina
9,Marcos Acuña,6,4,373,0,0,2,0,0,,0,0,3,0,167,217,77,12,8,8,2,9,0,271,2,8,25,9,9,0,17,1,0,0,5,7,DF,30,es,Sevilla,Argentina
10,Ángel Di María,5,4,288,1,1,6,3,0.17,0.33,1,0,0,0,129,167,77.2,3,1,3,1,0,0,203,13,28,46.4,0,7,5,27,1,0,0,0,1,FW,34,it,Juventus,Argentina
11,Nicolás Tagliafico,6,3,373,0,0,3,1,0,0,0,0,0,0,146,179,81.6,7,7,9,9,9,0,220,0,2,0,6,6,1,1,0,0,0,4,1,DF,29,fr,Lyon,Argentina
12,Lisandro Martínez,5,2,303,0,0,1,0,0,,0,0,1,0,133,156,85.3,6,2,3,3,14,0,188,0,1,0,2,3,0,1,0,0,0,3,3,DF,24,eng,Manchester Utd,Argentina
13,Lautaro Martínez,6,2,241,0,0,14,4,0,0,0,0,0,0,47,63,74.6,0,0,1,1,0,0,99,2,5,40,1,5,5,0,0,0,0,6,6,FW,24,it,Inter,Argentina
14,Leandro Paredes,5,2,225,0,0,1,1,0,0,0,0,2,0,230,246,93.5,10,4,0,3,4,0,270,0,1,0,6,5,0,0,1,0,0,4,0,MF,27,it,Juventus,Argentina
15,Papu Gómez,2,2,107,0,0,2,0,0,,0,0,0,0,53,60,88.3,2,0,1,1,0,0,69,1,2,50,1,5,1,1,0,0,0,1,0,MF,34,es,Sevilla,Argentina
16,Gonzalo Montiel,4,1,118,0,0,1,0,0,,0,0,3,0,69,81,85.2,3,2,1,1,1,0,95,0,1,0,4,2,1,3,0,1,0,1,2,DF,25,es,Sevilla,Argentina
17,Guido Rodríguez,1,1,56,0,0,0,0,,,0,0,0,0,54,64,84.4,2,0,1,0,1,0,68,0,0,,0,0,0,0,0,0,0,1,0,MF,28,es,Betis,Argentina
18,Germán Pezzella,3,0,60,0,0,1,0,0,,0,0,1,0,42,45,93.3,0,0,0,0,0,0,47,0,0,,2,2,0,0,0,0,0,0,6,DF,30,es,Betis,Argentina
19,Exequiel Palacios,3,0,50,0,0,1,0,0,,0,0,0,0,25,28,89.3,0,0,0,2,1,0,34,0,1,0,2,3,0,0,0,0,0,0,1,"MF,DF",23,de,Leverkusen,Argentina
20,Paulo Dybala,2,0,18,0,0,0,0,,,0,0,0,0,8,12,66.7,3,1,0,0,1,0,20,1,2,50,1,0,0,0,0,0,0,3,1,FW,28,it,Roma,Argentina
21,Thiago Almada,1,0,7,0,0,0,0,,,0,0,0,0,13,13,100,0,0,0,0,0,0,15,0,0,,0,0,0,0,0,0,0,0,0,MF,21,us,Atlanta Utd,Argentina
22,Ángel Correa,1,0,5,0,0,0,0,,,0,0,0,0,3,3,100,1,1,0,0,1,0,6,0,0,,0,1,0,0,0,0,0,0,0,MF,27,es,Atlético Madrid,Argentina
23,Juan Foyth,1,0,5,0,0,0,0,,,0,0,0,0,3,4,75,0,0,0,0,0,0,5,1,1,100,0,0,0,0,0,0,0,0,0,DF,24,es,Villarreal,Argentina
24,Aurélien Tchouaméni,7,7,621,1,0,6,2,0.17,0.5,1,0,1,0,424,474,89.5,11,4,3,14,6,0,532,3,5,60,8,10,0,3,0,1,0,5,2,MF,22,es,Real Madrid,France
25,Kylian Mbappé,7,6,598,8,2,29,11,0.21,0.55,6,2,0,0,173,229,75.5,0,0,0,0,0,0,322,25,52,48.1,7,7,6,25,0,0,0,1,4,FW,23,fr,Paris S-G,France
26,Hugo Lloris,6,6,570,0,0,0,0,,,0,0,0,0,110,182,60.4,0,0,0,0,3,0,202,0,0,,0,1,0,0,0,0,0,3,0,GK,35,eng,Tottenham,France
27,Antoine Griezmann,7,6,537,0,3,6,2,0,0,0,0,1,0,258,329,78.4,14,8,8,8,7,0,384,4,10,40,3,9,3,40,0,0,0,5,4,MF,31,es,Atlético Madrid,France
28,Raphaël Varane,6,6,518,0,0,3,0,0,,0,0,0,0,256,286,89.5,1,0,4,6,15,0,321,1,1,100,1,1,1,1,0,0,0,4,5,DF,29,eng,Manchester Utd,France
29,Ousmane Dembélé,7,6,433,0,2,8,2,0,0,0,0,1,0,145,192,75.5,11,6,3,2,0,0,244,9,23,39.1,6,3,2,19,0,1,0,2,1,FW,25,es,Barcelona,France
30,Olivier Giroud,6,6,419,4,0,16,6,0.25,0.67,4,0,1,0,48,74,64.9,1,0,1,1,5,0,111,0,0,,2,4,3,0,0,0,0,19,13,FW,35,it,Milan,France
31,Theo Hernández,6,5,508,1,2,5,2,0.2,0.5,1,0,1,0,289,339,85.3,16,13,5,4,8,1,386,2,5,40,6,13,0,13,0,1,0,8,4,DF,24,it,Milan,France
32,Adrien Rabiot,6,5,483,1,1,9,4,0.11,0.25,1,0,1,0,237,284,83.5,12,9,12,10,6,0,352,2,5,40,10,4,0,7,0,0,0,15,8,MF,27,it,Juventus,France
33,Jules Koundé,6,5,480,0,0,4,1,0,0,0,0,1,0,252,311,81,11,8,7,5,8,0,352,3,4,75,5,2,0,2,0,0,0,5,8,DF,23,es,Barcelona,France
34,Dayot Upamecano,5,5,480,0,0,1,0,0,,0,0,0,0,314,351,89.5,11,7,5,6,13,0,395,0,0,,4,3,0,0,0,1,0,7,7,DF,23,de,Bayern Munich,France
35,Ibrahima Konaté,5,3,294,0,0,2,1,0,0,0,0,0,0,215,235,91.5,15,6,5,7,16,0,278,0,0,,2,4,0,1,0,0,0,5,1,DF,23,eng,Liverpool,France
36,Youssouf Fofana,6,2,227,0,0,4,0,0,,0,0,0,0,96,112,85.7,8,5,6,3,0,0,138,2,2,100,3,1,0,0,0,0,0,1,1,MF,23,fr,Monaco,France
37,Randal Kolo Muani,3,1,182,1,0,4,2,0.25,0.5,1,0,0,0,25,43,58.1,7,5,1,1,1,0,75,3,10,30,4,5,0,1,1,0,0,9,5,FW,23,de,Eint Frankfurt,France
38,Kingsley Coman,6,1,169,0,0,1,0,0,,0,0,0,0,56,72,77.8,3,2,3,2,1,0,102,6,11,54.5,1,2,0,13,0,0,0,2,4,"FW,MF",26,de,Bayern Munich,France
39,Eduardo Camavinga,2,1,140,0,0,0,0,,,0,0,0,0,88,101,87.1,14,9,4,3,6,0,141,1,6,16.7,2,8,0,2,0,0,0,2,0,DF,19,es,Real Madrid,France
40,Axel Disasi,3,1,92,0,0,1,0,0,,0,0,0,0,61,78,78.2,3,2,0,3,4,0,91,1,2,50,0,1,0,2,0,0,0,4,0,DF,24,fr,Monaco,France
41,Steve Mandanda,1,1,90,0,0,0,0,,,0,0,0,0,19,31,61.3,0,0,0,0,0,0,32,0,0,,0,0,0,0,0,0,0,0,0,GK,37,fr,Rennes,France
42,Benjamin Pavard,1,1,88,0,0,0,0,,,0,0,0,0,82,90,91.1,0,0,3,1,0,0,94,0,0,,0,0,0,1,0,0,0,0,0,DF,26,de,Bayern Munich,France
43,Mattéo Guendouzi,1,1,78,0,0,0,0,,,0,0,0,0,27,33,81.8,1,1,0,0,0,0,37,0,0,,0,1,0,0,0,0,0,1,0,"FW,MF",23,fr,Marseille,France
44,Jordan Veretout,1,1,62,0,0,0,0,,,0,0,0,0,33,36,91.7,2,0,0,0,2,0,43,0,0,,2,0,0,0,0,0,0,0,2,MF,29,fr,Marseille,France
45,Lucas Hernández,1,1,12,0,0,0,0,,,0,0,0,0,5,10,50,1,1,0,0,0,0,10,0,0,,0,0,0,1,0,0,0,0,0,DF,26,de,Bayern Munich,France
46,Marcus Thuram,5,0,151,0,2,1,0,0,,0,0,1,0,27,40,67.5,3,2,2,0,2,0,74,6,12,50,3,5,1,1,0,0,0,8,9,"FW,MF",24,de,M'Gladbach,France
47,William Saliba,1,0,28,0,0,0,0,,,0,0,0,0,37,37,100,0,0,1,0,0,0,38,1,1,100,0,1,0,0,0,0,0,0,0,DF,21,eng,Arsenal,France
48,Joško Gvardiol,7,7,690,1,0,2,1,0.5,1,1,0,0,0,464,519,89.4,9,6,8,11,37,0,602,1,2,50,8,6,0,1,0,0,0,3,5,DF,20,de,RB Leipzig,Croatia
49,Dominik Livaković,7,7,690,0,0,0,0,,,0,0,1,0,194,228,85.1,0,0,0,0,0,0,245,0,0,,1,0,0,0,0,1,0,1,0,GK,27,hr,Dinamo Zagreb,Croatia
50,Ivan Perišić,7,7,669,1,3,16,4,0.06,0.25,1,0,0,0,202,292,69.2,7,4,9,7,12,0,378,6,13,46.2,10,0,3,27,0,0,0,17,14,"FW,DF",33,eng,Tottenham,Croatia
51,Luka Modrić,7,7,653,0,0,6,4,0,0,0,0,1,0,465,551,84.4,16,10,4,10,3,0,613,6,16,37.5,13,15,1,33,0,0,0,3,4,MF,36,es,Real Madrid,Croatia
52,Mateo Kovačić,7,7,635,0,0,3,1,0,0,0,0,2,0,415,460,90.2,24,17,4,4,5,0,524,11,20,55,3,11,0,3,0,0,0,4,2,MF,28,eng,Chelsea,Croatia
53,Andrej Kramarić,7,7,474,2,0,10,4,0.2,0.5,2,0,0,0,153,176,86.9,3,2,6,0,0,0,215,4,8,50,1,4,2,6,0,0,0,0,4,"FW,MF",30,de,Hoffenheim,Croatia
54,Josip Juranović,6,6,600,0,1,1,0,0,,0,0,0,0,318,405,78.5,12,8,5,3,15,0,461,1,4,25,1,6,0,24,0,0,0,2,4,DF,26,sct,Celtic,Croatia
55,Dejan Lovren,6,6,600,0,1,4,0,0,,0,0,1,0,405,460,88,7,2,7,6,29,0,516,0,0,,2,5,1,3,0,0,0,17,6,DF,32,ru,Zenit,Croatia
56,Marcelo Brozović,6,6,552,0,0,4,2,0,0,0,0,1,0,466,530,87.9,13,7,13,4,7,0,594,3,8,37.5,12,11,0,4,0,0,0,6,4,MF,29,it,Inter,Croatia
57,Borna Sosa,5,5,424,0,0,2,0,0,,0,0,0,0,220,278,79.1,14,6,4,2,18,0,336,2,4,50,4,2,0,21,0,0,0,4,4,DF,24,de,Stuttgart,Croatia
58,Marko Livaja,6,3,241,1,1,6,4,0.17,0.25,1,0,0,0,35,58,60.3,2,2,1,1,1,0,83,0,2,0,6,3,1,1,0,0,0,4,5,FW,28,hr,Hajduk Split,Croatia
59,Mario Pašalić,7,2,271,0,0,3,0,0,,0,0,0,0,76,95,80,7,5,6,3,3,0,132,0,4,0,4,1,2,1,0,0,0,7,7,"FW,MF",27,it,Atalanta,Croatia
60,Bruno Petković,6,1,234,1,0,1,1,1,1,1,0,1,0,40,75,53.3,6,4,3,0,0,0,102,2,4,50,3,11,0,1,0,0,0,8,13,FW,27,hr,Dinamo Zagreb,Croatia
61,Nikola Vlašić,6,1,209,0,0,5,1,0,0,0,0,0,0,45,55,81.8,1,1,2,1,0,0,81,3,9,33.3,4,6,0,4,0,0,0,2,6,"FW,MF",24,it,Torino,Croatia
62,Mislav Oršić,6,1,162,1,2,9,2,0.11,0.5,1,0,0,0,40,54,74.1,3,3,2,0,1,0,81,1,3,33.3,3,0,1,4,0,0,0,0,0,FW,29,hr,Dinamo Zagreb,Croatia
63,Lovro Majer,7,1,130,1,0,4,2,0.25,0.5,1,0,0,0,78,98,79.6,3,1,1,0,2,0,122,0,2,0,5,3,0,8,0,0,0,0,0,"MF,FW",24,fr,Rennes,Croatia
64,Borna Barišić,1,1,120,0,0,1,0,0,,0,0,1,0,50,69,72.5,1,1,1,0,4,0,82,0,0,,5,2,0,11,0,0,0,6,2,DF,29,sct,Rangers,Croatia
65,Josip Stanišić,1,1,90,0,0,1,0,0,,0,0,0,0,36,49,73.5,3,3,0,1,0,0,56,0,0,,1,2,0,1,0,0,0,1,0,DF,22,de,Bayern Munich,Croatia
66,Josip Šutalo,1,1,90,0,0,0,0,,,0,0,0,0,62,66,93.9,0,0,1,0,5,0,73,0,0,,0,0,0,0,0,0,0,0,3,DF,22,hr,Dinamo Zagreb,Croatia
67,Ante Budimir,2,0,55,0,0,1,0,0,,0,0,0,0,2,5,40,1,1,0,0,1,0,12,0,0,,4,2,0,0,0,0,0,2,4,FW,30,es,Osasuna,Croatia
68,Kristijan Jakić,1,0,1,0,0,0,0,,,0,0,0,0,0,0,,0,0,0,0,0,0,0,0,0,,0,0,0,0,0,0,0,0,0,FW,25,de,Eint Frankfurt,Croatia
69,Sofyan Amrabat,7,7,660,0,0,1,0,0,,0,0,1,0,269,322,83.5,16,10,2,6,10,0,382,0,5,0,14,6,1,2,0,0,0,2,3,MF,25,it,Fiorentina,Morocco
70,Hakim Ziyech,7,7,635,1,1,10,2,0.1,0.5,1,0,0,0,211,306,69,10,7,10,10,4,1,391,12,29,41.4,12,7,2,30,0,0,0,3,6,FW,29,eng,Chelsea,Morocco
71,Achraf Hakimi,7,7,631,0,1,4,1,0,0,0,0,0,0,312,382,81.7,26,17,7,9,12,0,482,2,15,13.3,6,13,0,12,0,0,0,5,8,DF,23,fr,Paris S-G,Morocco
72,Youssef En-Nesyri,7,7,542,2,0,9,3,0.22,0.67,2,0,0,0,50,81,61.7,3,2,5,1,11,0,129,5,8,62.5,2,4,4,0,0,0,0,21,14,FW,25,es,Sevilla,Morocco
73,Sofiane Boufal,7,7,475,0,0,7,1,0,0,0,0,1,0,99,133,74.4,11,5,9,2,1,0,200,14,27,51.9,11,14,2,7,0,0,0,3,7,FW,28,fr,Angers,Morocco
74,Yassine Bounou,6,6,570,0,0,0,0,,,0,0,0,0,154,209,73.7,0,0,0,0,5,0,218,0,0,,0,1,0,0,0,0,0,1,0,GK,31,es,Sevilla,Morocco
75,Azzedine Ounahi,7,6,568,0,0,6,1,0,0,0,0,1,0,216,265,81.5,9,8,5,7,2,0,330,10,13,76.9,3,13,1,3,0,0,0,1,3,MF,22,fr,Angers,Morocco
76,Romain Saïss,6,6,466,1,0,1,1,1,1,1,0,1,0,159,199,79.9,5,2,3,3,30,1,247,1,2,50,4,0,2,1,0,0,0,7,0,DF,32,tr,Beşiktaş,Morocco
77,Noussair Mazraoui,5,5,365,0,0,4,2,0,0,0,0,0,0,98,121,81,14,9,6,1,16,0,176,1,5,20,3,1,1,2,0,0,0,1,3,DF,24,de,Bayern Munich,Morocco
78,Selim Amallah,7,4,409,0,0,2,0,0,,0,0,1,0,65,87,74.7,13,9,6,8,3,0,147,1,7,14.3,11,8,0,2,0,0,0,2,9,MF,25,be,Standard Liège,Morocco
79,Nayef Aguerd,4,4,353,0,0,1,0,0,,0,0,0,0,137,158,86.7,4,2,3,4,12,0,184,0,0,,2,0,1,0,0,0,1,5,2,DF,26,eng,West Ham,Morocco
80,Jawad El Yamiq,6,3,309,0,0,2,1,0,0,0,0,0,0,146,164,89,4,2,6,5,17,0,202,0,0,,1,4,0,0,0,0,0,6,1,DF,30,es,Valladolid,Morocco
81,Yahya Attiat Allah,6,2,318,0,1,2,0,0,,0,0,0,0,98,137,71.5,4,2,4,0,15,0,169,0,2,0,8,3,0,8,0,0,0,0,7,DF,27,ma,Wydad Casablanca,Morocco
82,Achraf Dari,3,2,187,1,0,1,1,1,1,1,0,1,0,99,111,89.2,1,0,7,5,9,0,139,0,0,,2,1,0,0,0,0,0,5,5,DF,23,fr,Brest,Morocco
83,Abdelhamid Sabiri,5,2,181,0,1,3,0,0,,0,0,1,0,45,58,77.6,3,1,3,5,3,0,86,0,3,0,2,3,0,1,0,0,0,2,2,MF,25,it,Sampdoria,Morocco
84,Munir,1,1,90,0,0,0,0,,,0,0,0,0,19,28,67.9,0,0,0,0,0,0,31,0,0,,0,0,0,0,0,0,0,0,1,GK,33,sa,Al-Wehda,Morocco
85,Bilal El Khannous,1,1,55,0,0,0,0,,,0,0,0,0,20,24,83.3,0,0,1,0,2,0,29,0,1,0,0,1,0,0,0,0,0,0,1,MF,18,be,Genk,Morocco
86,Abdessamad Ezzalzouli,3,0,93,0,0,1,0,0,,0,0,0,0,10,13,76.9,3,2,4,0,3,0,40,1,2,50,4,0,0,1,0,0,0,1,2,"FW,MF",20,es,Osasuna,Morocco
87,Zakaria Aboukhlal,4,0,79,1,0,3,2,0.33,0.5,1,0,0,0,7,14,50,1,1,2,1,1,0,26,0,1,0,1,0,2,1,0,0,0,2,0,"FW,MF",22,fr,Toulouse,Morocco
88,Abderrazak Hamdallah,4,0,68,0,0,2,1,0,0,0,0,0,0,8,15,53.3,0,0,0,0,2,0,27,2,3,66.7,3,2,0,0,0,0,0,1,7,FW,31,sa,Al-Ittihad,Morocco
89,Walid Cheddira,2,0,64,0,0,2,1,0,0,0,0,2,1,4,8,50,1,0,0,0,2,0,19,0,1,0,5,0,2,0,0,0,0,2,2,FW,24,it,Bari,Morocco
90,Badr Banoun,3,0,54,0,0,0,0,,,0,0,0,0,21,22,95.5,0,0,1,1,3,0,28,0,0,,2,0,0,0,0,0,0,0,1,DF,28,qa,Qatar SC,Morocco
91,Ilias Chair,1,0,45,0,0,0,0,,,0,0,0,0,13,15,86.7,1,0,0,0,0,0,18,0,1,0,0,0,0,2,0,0,0,0,0,MF,24,eng,QPR,Morocco
92,Anass Zaroury,1,0,27,0,0,0,0,,,0,0,0,0,8,13,61.5,0,0,2,0,0,0,15,1,1,100,0,0,1,3,0,0,0,0,0,FW,21,eng,Burnley,Morocco
93,Yahya Jabrane,2,0,15,0,0,0,0,,,0,0,0,0,,,,,0,,0,,,,,,,0,0,0,0,,,0,,,MF,30,ma,Wydad Casablanca,Morocco
94,Andries Noppert,5,5,480,0,0,0,0,,,0,0,0,0,157,192,81.8,0,0,0,0,4,0,206,0,0,,0,0,0,0,0,0,0,0,0,GK,28,nl,Heerenveen,Netherlands
95,Virgil van Dijk,5,5,480,0,0,3,0,0,,0,0,0,0,311,356,87.4,2,1,8,4,21,0,399,0,0,,5,2,0,0,0,0,0,13,8,DF,30,eng,Liverpool,Netherlands
96,Nathan Aké,5,5,479,0,0,0,0,,,0,0,1,0,315,349,90.3,6,3,3,8,20,0,393,0,2,0,4,6,0,0,0,0,0,10,12,DF,27,eng,Manchester City,Netherlands
97,Denzel Dumfries,5,5,479,1,2,1,1,1,1,1,0,2,1,149,217,68.7,8,5,5,7,6,0,281,0,8,0,17,7,2,8,0,1,0,9,10,DF,26,it,Inter,Netherlands
98,Frenkie de Jong,5,5,475,1,1,2,1,0.5,1,1,0,1,0,323,364,88.7,12,5,6,6,3,0,412,3,6,50,4,6,0,3,0,0,0,8,1,MF,25,es,Barcelona,Netherlands
99,Cody Gakpo,5,5,450,3,0,5,3,0.6,1,3,0,0,0,93,148,62.8,8,2,10,3,6,0,212,5,13,38.5,8,5,3,33,0,0,0,5,5,"FW,MF",23,nl,PSV Eindhoven,Netherlands
100,Daley Blind,5,5,423,1,1,5,2,0.2,0.5,1,0,0,0,252,300,84,14,9,6,5,4,0,341,1,2,50,3,1,0,6,0,0,0,5,7,DF,32,nl,Ajax,Netherlands
101,Jurriën Timber,4,4,390,0,0,0,0,,,0,0,1,0,283,313,90.4,12,6,1,10,13,0,360,4,6,66.7,17,4,0,1,0,0,0,4,3,DF,20,nl,Ajax,Netherlands
102,Memphis,5,3,297,1,0,10,5,0.1,0.2,1,0,1,0,93,123,75.6,1,1,4,1,0,1,167,2,11,18.2,1,5,1,2,0,0,0,2,6,FW,28,es,Barcelona,Netherlands
103,Steven Bergwijn,4,3,213,0,0,2,0,0,,0,0,1,0,64,72,88.9,1,1,2,0,0,0,86,1,4,25,2,4,0,0,0,0,0,0,0,FW,24,nl,Ajax,Netherlands
104,Davy Klaassen,4,3,190,1,2,2,1,0.5,1,1,0,0,0,59,77,76.6,3,2,2,1,2,0,96,0,1,0,1,3,0,2,0,0,0,2,2,"MF,FW",29,nl,Ajax,Netherlands
105,Marten de Roon,5,3,184,0,0,0,0,,,0,0,0,0,97,119,81.5,7,5,4,2,6,0,143,0,0,,3,0,0,0,0,0,0,4,3,MF,31,it,Atalanta,Netherlands
106,Teun Koopmeiners,5,1,219,0,1,2,1,0,0,0,0,1,0,90,119,75.6,10,5,2,4,4,0,147,1,2,50,6,1,0,2,0,0,0,4,3,MF,24,it,Atalanta,Netherlands
107,Steven Berghuis,4,1,200,0,1,5,0,0,,0,0,1,0,97,131,74,2,1,1,0,0,0,145,1,4,25,4,0,0,13,0,0,0,1,2,MF,30,nl,Ajax,Netherlands
108,Matthijs de Ligt,2,1,91,0,0,0,0,,,0,0,1,0,41,45,91.1,0,0,0,0,4,0,49,0,0,,4,1,0,0,0,0,0,5,2,DF,22,de,Bayern Munich,Netherlands
109,Vincent Janssen,2,1,86,0,0,2,0,0,,0,0,0,0,16,20,80,2,0,2,0,1,0,32,1,1,100,2,2,0,0,0,0,0,1,1,FW,27,be,Antwerp,Netherlands
110,Wout Weghorst,4,0,64,2,0,2,2,1,1,2,0,1,0,9,15,60,0,0,1,0,1,0,22,0,0,,5,1,1,0,0,0,0,2,2,FW,29,tr,Beşiktaş,Netherlands
111,Luuk de Jong,1,0,57,0,0,1,0,0,,0,0,0,0,8,12,66.7,2,1,0,0,1,0,19,0,1,0,1,1,1,0,0,0,0,3,3,FW,31,nl,PSV Eindhoven,Netherlands
112,Xavi Simons,1,0,9,0,0,0,0,,,0,0,0,0,6,10,60,1,0,0,0,0,0,11,0,0,,0,1,0,0,0,0,0,1,0,"FW,MF",19,nl,PSV Eindhoven,Netherlands
113,Noa Lang,1,0,8,0,0,0,0,,,0,0,1,0,1,3,33.3,0,0,1,1,1,0,5,0,0,,0,0,0,1,0,0,0,0,0,MF,22,be,Club Brugge,Netherlands
114,Kenneth Taylor,1,0,5,0,0,0,0,,,0,0,0,0,8,8,100,0,0,0,0,0,0,9,0,0,,0,0,0,0,0,0,0,0,0,MF,20,nl,Ajax,Netherlands
115,Jordan Pickford,5,5,450,0,0,0,0,,,0,0,0,0,126,160,78.8,0,0,0,0,2,0,169,0,0,,0,0,0,0,0,0,0,0,0,GK,28,eng,Everton,England
116,John Stones,5,5,434,0,0,4,1,0,0,0,0,0,0,435,454,95.8,2,2,3,1,8,0,475,2,2,100,4,3,0,0,0,1,0,6,4,DF,28,eng,Manchester City,England
117,Harry Maguire,5,5,429,0,1,6,1,0,0,0,0,1,0,354,407,87,7,3,4,4,18,0,447,2,2,100,6,2,1,1,0,0,0,15,5,DF,29,eng,Manchester Utd,England
118,Luke Shaw,5,5,424,0,1,3,1,0,0,0,0,0,0,335,400,83.8,3,1,2,4,5,0,420,2,2,100,5,4,0,22,0,0,0,3,9,DF,26,eng,Manchester Utd,England
119,Declan Rice,5,5,417,0,0,0,0,,,0,0,0,0,300,322,93.2,6,5,4,11,5,0,360,0,3,0,3,2,0,4,0,0,0,3,3,MF,23,eng,West Ham,England
120,Jude Bellingham,5,5,414,1,1,5,3,0.2,0.33,1,0,0,0,235,265,88.7,16,15,10,5,0,0,324,6,13,46.2,5,5,0,4,0,0,0,6,9,MF,18,de,Dortmund,England
121,Harry Kane,5,5,402,2,3,10,5,0.1,0.2,1,1,0,0,62,98,63.3,2,1,2,0,5,0,142,4,8,50,1,9,0,6,0,0,0,9,13,FW,28,eng,Tottenham,England
122,Bukayo Saka,4,4,288,3,0,7,5,0.43,0.6,3,0,0,0,84,108,77.8,7,4,5,2,2,0,150,2,11,18.2,7,6,2,5,1,0,0,1,1,FW,20,eng,Arsenal,England
123,Jordan Henderson,4,3,271,1,0,2,1,0.5,1,1,0,0,0,137,163,84,4,2,3,1,0,0,178,0,2,0,5,4,0,8,0,0,0,2,2,MF,31,eng,Liverpool,England
124,Phil Foden,4,3,258,1,2,6,1,0.17,1,1,0,0,0,90,117,76.9,1,1,2,1,0,0,144,3,6,50,2,4,0,14,0,0,0,3,5,"FW,MF",22,eng,Manchester City,England
125,Kyle Walker,3,3,236,0,0,0,0,,,0,0,0,0,162,181,89.5,3,1,2,3,3,0,197,2,3,66.7,3,3,0,2,0,0,0,4,2,DF,32,eng,Manchester City,England
126,Kieran Trippier,3,2,206,0,0,1,0,0,,0,0,0,0,165,195,84.6,6,4,3,1,4,0,207,1,1,100,1,0,0,10,0,0,0,4,1,DF,31,eng,Newcastle Utd,England
127,Mason Mount,4,2,186,0,0,4,1,0,0,0,0,0,0,61,73,83.6,2,2,2,0,0,0,91,2,3,66.7,7,9,0,3,1,0,0,0,3,MF,23,eng,Chelsea,England
128,Raheem Sterling,3,2,149,1,1,1,1,1,1,1,0,0,0,45,55,81.8,1,1,1,1,0,0,69,2,3,66.7,0,2,1,2,0,0,0,1,1,FW,27,eng,Chelsea,England
129,Marcus Rashford,5,1,140,3,0,11,6,0.27,0.5,3,0,0,0,49,66,74.2,1,0,2,1,1,0,92,5,9,55.6,1,0,1,1,0,0,0,1,3,FW,24,eng,Manchester Utd,England
130,Jack Grealish,5,0,86,1,0,1,1,1,1,1,0,0,0,48,54,88.9,3,1,2,3,1,0,72,3,9,33.3,0,10,0,0,0,0,0,0,2,FW,26,eng,Manchester City,England
131,Callum Wilson,2,0,48,0,1,0,0,,,0,0,0,0,9,10,90,0,0,0,0,0,0,17,0,1,0,0,2,0,0,0,0,0,1,0,FW,30,eng,Newcastle Utd,England
132,Kalvin Phillips,2,0,42,0,1,0,0,,,0,0,0,0,17,19,89.5,0,0,0,0,1,0,20,0,0,,1,0,0,0,0,0,0,0,2,MF,26,eng,Manchester City,England
133,Eric Dier,2,0,36,0,0,0,0,,,0,0,0,0,40,41,97.6,1,1,0,0,0,0,44,0,0,,1,0,0,0,0,0,0,1,1,DF,28,eng,Tottenham,England
134,Trent Alexander-Arnold,1,0,34,0,0,0,0,,,0,0,0,0,21,23,91.3,0,0,1,0,0,0,24,0,0,,1,0,0,0,0,0,0,0,0,DF,23,eng,Liverpool,England
135,Marquinhos,5,4,426,0,0,2,0,0,,0,0,1,0,352,368,95.7,5,4,6,2,6,0,392,1,1,100,1,2,0,1,0,0,0,4,4,DF,28,fr,Paris S-G,Brazil
136,Casemiro,4,4,390,1,0,9,3,0.11,0.33,1,0,1,0,208,251,82.9,11,4,13,7,5,0,303,1,3,33.3,7,3,0,2,0,0,0,3,3,MF,30,eng,Manchester Utd,Brazil
137,Thiago Silva,4,4,390,0,1,2,0,0,,0,0,0,0,322,344,93.6,3,1,3,5,6,0,369,0,1,0,2,3,0,1,0,0,0,6,4,DF,37,eng,Chelsea,Brazil
138,Alisson,4,4,379,0,0,0,0,,,0,0,0,0,80,93,86,0,0,0,0,2,0,100,0,0,,0,1,0,0,0,0,0,1,0,GK,29,eng,Liverpool,Brazil
139,Éder Militão,4,4,347,0,0,5,1,0,0,0,0,1,0,251,277,90.6,7,6,1,3,5,0,307,0,0,,7,3,0,3,0,0,0,4,5,DF,24,es,Real Madrid,Brazil
140,Richarlison,4,4,323,3,0,8,4,0.38,0.75,3,0,0,0,40,58,69,2,2,4,1,4,0,99,0,5,0,5,6,1,2,1,0,0,4,8,FW,25,eng,Tottenham,Brazil
141,Raphinha,5,4,315,0,1,8,6,0,0,0,0,0,0,111,150,74,8,6,3,3,0,0,194,4,15,26.7,2,5,0,22,0,0,0,0,6,FW,25,es,Barcelona,Brazil
142,Lucas Paquetá,4,4,314,1,1,4,4,0.25,0.25,1,0,0,0,169,202,83.7,7,5,5,2,4,0,231,0,2,0,4,2,0,4,0,0,0,3,2,MF,24,eng,West Ham,Brazil
143,Vinicius Júnior,4,4,299,1,2,9,4,0.11,0.25,1,0,0,0,68,90,75.6,3,1,5,0,0,0,135,5,15,33.3,0,7,3,12,0,0,0,0,0,FW,21,es,Real Madrid,Brazil
144,Danilo,3,3,281,0,0,2,0,0,,0,0,1,0,230,269,85.5,5,2,2,3,5,1,291,1,1,100,3,1,0,8,0,0,0,4,1,DF,30,it,Juventus,Brazil
145,Neymar,3,3,279,2,0,11,6,0.09,0.17,1,1,0,0,121,153,79.1,1,0,2,1,0,0,209,6,23,26.1,4,16,2,8,0,0,0,0,3,MF,30,fr,Paris S-G,Brazil
146,Alex Sandro,3,2,190,0,0,1,0,0,,0,0,0,0,150,169,88.8,8,3,1,3,9,0,195,1,2,50,3,2,0,4,0,0,0,3,1,DF,31,it,Juventus,Brazil
147,Fred,4,2,142,0,0,3,1,0,0,0,0,1,0,71,83,85.5,3,3,1,0,3,0,98,0,0,,3,0,0,0,0,0,0,0,2,MF,29,eng,Manchester Utd,Brazil
148,Rodrygo,5,1,181,0,1,6,2,0,0,0,0,0,0,91,113,80.5,4,1,6,2,1,0,153,2,9,22.2,3,6,1,9,0,0,0,0,3,"MF,FW",21,es,Real Madrid,Brazil
149,Antony,4,1,172,0,0,6,2,0,0,0,0,0,0,86,109,78.9,3,0,3,1,1,0,148,4,16,25,2,5,0,10,0,0,0,1,2,FW,22,eng,Manchester Utd,Brazil
150,Dani Alves,2,1,118,0,0,3,0,0,,0,0,0,0,83,97,85.6,5,4,1,2,2,0,113,1,2,50,5,2,0,6,0,0,0,1,1,DF,39,mx,UNAM,Brazil
151,Martinelli,3,1,113,0,0,4,3,0,0,0,0,0,0,34,45,75.6,2,1,2,0,1,0,72,3,10,30,2,3,1,5,0,0,0,0,2,FW,20,eng,Arsenal,Brazil
152,Gleison Bremer,2,1,109,0,0,1,0,0,,0,0,0,0,78,84,92.9,1,1,1,1,6,0,95,0,0,,2,0,0,0,0,0,0,5,0,DF,25,it,Juventus,Brazil
153,Gabriel Jesus,3,1,93,0,0,2,1,0,0,0,0,0,0,22,28,78.6,2,1,0,2,0,0,39,1,2,50,1,4,0,1,0,0,0,1,1,FW,25,eng,Arsenal,Brazil
154,Ederson,1,1,90,0,0,0,0,,,0,0,0,0,28,31,90.3,0,0,0,0,0,0,32,0,0,,0,0,0,0,0,0,0,0,0,GK,28,eng,Manchester City,Brazil
155,Fabinho,1,1,90,0,0,0,0,,,0,0,0,0,51,57,89.5,3,2,0,1,2,0,64,0,0,,2,0,0,0,0,0,0,1,6,MF,28,eng,Liverpool,Brazil
156,Alex Telles,2,1,59,0,0,0,0,,,0,0,0,0,33,42,78.6,2,2,0,0,1,0,46,0,0,,1,0,0,3,0,0,0,1,1,DF,29,es,Sevilla,Brazil
157,Bruno Guimarães,2,0,69,0,0,5,2,0,0,0,0,1,0,43,54,79.6,0,0,1,0,0,0,67,2,2,100,2,2,0,3,0,0,0,1,0,MF,24,eng,Newcastle Utd,Brazil
158,Pedro,2,0,64,0,0,4,1,0,0,0,0,0,0,10,13,76.9,2,2,0,1,0,0,25,0,0,,2,1,0,0,0,0,0,0,1,FW,24,br,Flamengo,Brazil
159,Everton Ribeiro,1,0,36,0,0,0,0,,,0,0,0,0,15,18,83.3,1,0,0,0,0,0,21,0,1,0,0,0,0,2,0,0,0,0,0,MF,33,br,Flamengo,Brazil
160,Wéverton,1,0,11,0,0,0,0,,,0,0,0,0,3,5,60,0,0,0,0,0,0,5,0,0,,0,0,0,0,0,0,0,0,0,GK,34,br,Palmeiras,Brazil
161,Diogo Costa,5,5,450,0,0,0,0,,,0,0,0,0,113,160,70.6,1,0,0,0,4,1,170,0,0,,0,0,0,0,0,0,0,0,1,GK,22,pt,Porto,Portugal
162,Rúben Dias,4,4,360,0,0,1,0,0,,0,0,1,0,248,274,90.5,4,4,2,3,9,0,293,0,0,,4,2,0,0,0,0,0,5,3,DF,25,eng,Manchester City,Portugal
163,Pepe,4,4,360,1,0,3,1,0.33,1,1,0,0,0,243,295,82.4,5,0,6,6,11,0,331,1,1,100,3,5,1,1,0,0,0,9,5,DF,39,pt,Porto,Portugal
164,Bruno Fernandes,4,4,356,2,3,7,2,0.14,0.5,1,1,1,0,188,233,80.7,4,3,7,2,4,0,272,3,6,50,2,8,1,26,0,0,0,2,8,"FW,MF",27,eng,Manchester Utd,Portugal
165,Bernardo Silva,5,4,356,0,0,1,0,0,,0,0,0,0,256,292,87.7,2,2,3,2,0,0,310,1,4,25,1,2,0,5,0,0,0,1,2,MF,27,eng,Manchester City,Portugal
166,João Félix,4,4,331,1,2,11,3,0.09,0.33,1,0,1,0,91,122,74.6,4,2,0,1,1,0,156,2,8,25,8,9,1,4,0,0,0,2,1,FW,22,es,Atlético Madrid,Portugal
167,Rúben Neves,5,4,268,0,0,2,0,0,,0,0,1,0,235,257,91.4,2,1,3,3,5,0,275,0,0,,5,2,0,2,0,0,0,2,3,MF,25,eng,Wolves,Portugal
168,João Cancelo,4,3,310,0,0,2,1,0,0,0,0,0,0,221,271,81.5,7,3,1,2,8,0,315,4,11,36.4,2,4,1,15,0,0,0,10,1,DF,28,eng,Manchester City,Portugal
169,Cristiano Ronaldo,5,3,290,1,0,10,2,0,0,0,1,0,0,68,90,75.6,0,0,0,0,1,1,118,0,5,0,2,5,7,2,1,0,0,8,4,FW,37,eng,Manchester Utd,Portugal
170,Raphaël Guerreiro,4,3,279,1,2,3,1,0.33,1,1,0,0,0,156,185,84.3,3,2,3,3,2,0,208,2,2,100,2,1,0,13,0,0,0,2,1,DF,28,de,Dortmund,Portugal
171,Diogo Dalot,3,3,258,0,2,1,1,0,0,0,0,0,0,112,147,76.2,8,6,7,2,1,0,174,1,3,33.3,1,1,0,9,0,0,0,6,3,DF,23,eng,Manchester Utd,Portugal
172,Otávio,3,3,196,0,0,3,2,0,0,0,0,0,0,98,127,77.2,7,7,0,1,1,0,147,0,0,,6,10,0,5,0,0,0,1,1,MF,27,pt,Porto,Portugal
173,William Carvalho,4,2,215,0,0,1,0,0,,0,0,0,0,156,170,91.8,6,5,2,0,3,0,183,0,0,,3,2,0,0,0,0,0,4,0,MF,30,es,Betis,Portugal
174,Gonçalo Ramos,4,2,152,3,1,7,5,0.43,0.6,3,0,0,0,25,31,80.6,1,1,0,0,2,0,56,0,2,0,2,3,3,0,0,0,0,4,6,"FW,MF",20,pt,Benfica,Portugal
175,Vitinha,3,1,120,0,0,2,2,0,0,0,0,1,0,100,108,92.6,3,2,0,1,1,0,118,1,2,50,1,3,0,2,0,0,0,0,1,MF,22,fr,Paris S-G,Portugal
176,Ricardo Horta,3,1,119,1,0,3,2,0.33,0.5,1,0,0,0,31,46,67.4,2,1,1,1,0,0,55,0,0,,3,1,0,5,0,0,0,0,1,FW,27,pt,Braga,Portugal
177,Danilo Pereira,1,1,90,0,0,0,0,,,0,0,1,0,68,78,87.2,2,2,1,3,3,1,87,1,1,100,1,2,0,0,0,0,0,5,1,DF,30,fr,Paris S-G,Portugal
178,António Silva,1,1,90,0,0,0,0,,,0,0,0,0,60,62,96.8,1,1,2,1,1,0,67,0,0,,2,0,0,0,0,0,0,2,4,DF,18,pt,Benfica,Portugal
179,João Mário,2,1,84,0,0,0,0,,,0,0,0,0,37,40,92.5,2,1,2,0,0,0,51,0,1,0,0,0,0,2,0,0,0,0,2,"FW,MF",29,pt,Benfica,Portugal
180,Matheus Nunes,2,1,73,0,0,1,0,0,,0,0,0,0,28,33,84.8,0,0,1,0,0,0,40,1,2,50,2,2,0,3,0,0,0,0,0,MF,23,eng,Wolves,Portugal
181,Nuno Mendes,1,1,41,0,0,0,0,,,0,0,0,0,29,32,90.6,0,0,1,2,0,0,37,1,2,50,0,2,0,2,0,0,0,1,0,DF,19,fr,Paris S-G,Portugal
182,Rafael Leão,5,0,88,2,0,5,2,0.4,1,2,0,0,0,32,47,68.1,0,0,0,1,0,0,65,6,9,66.7,3,1,0,6,0,0,0,1,0,FW,23,it,Milan,Portugal
183,João Palhinha,3,0,38,0,0,1,0,0,,0,0,0,0,26,31,83.9,2,1,1,1,1,0,41,1,2,50,2,0,0,0,0,0,0,0,3,MF,26,eng,Fulham,Portugal
184,André Silva,1,0,26,0,0,0,0,,,0,0,0,0,9,11,81.8,0,0,0,0,0,0,14,0,0,,0,0,0,0,0,0,0,1,2,FW,26,de,RB Leipzig,Portugal
185,Shūichi Gonda,4,4,390,0,0,0,0,,,0,0,0,0,68,113,60.2,0,0,0,0,1,1,124,0,0,,1,0,0,0,0,1,0,1,0,GK,33,jp,S-Pulse,Japan
186,Maya Yoshida,4,4,390,0,1,0,0,,,0,0,1,0,198,232,85.3,4,4,6,3,24,0,276,1,2,50,3,4,0,0,0,0,0,10,7,DF,33,de,Schalke 04,Japan
187,Daichi Kamada,4,4,322,0,0,6,1,0,0,0,0,0,0,83,104,79.8,7,3,3,0,3,0,139,3,4,75,1,1,3,5,0,0,0,3,2,"FW,MF",25,de,Eint Frankfurt,Japan
188,Yuto Nagatomo,4,4,209,0,0,0,0,,,0,0,0,0,78,109,71.6,4,2,2,0,3,0,122,3,4,75,6,0,0,6,0,0,0,1,2,"MF,DF",35,jp,FC Tokyo,Japan
189,Junya Ito,4,3,324,0,1,2,1,0,0,0,0,0,0,59,97,60.8,7,4,4,5,6,0,135,2,8,25,0,5,1,14,0,0,0,3,6,"MF,FW",29,fr,Reims,Japan
190,Wataru Endo,4,3,304,0,0,6,1,0,0,0,0,1,0,155,192,80.7,8,4,8,3,6,0,241,1,5,20,7,9,0,2,0,0,0,8,8,MF,29,de,Stuttgart,Japan
191,Hidemasa Morita,3,3,285,0,0,3,1,0,0,0,0,0,0,129,157,82.2,0,0,9,3,4,0,194,0,3,0,4,1,0,3,0,0,0,5,7,MF,27,pt,Sporting CP,Japan
192,Ko Itakura,3,3,270,0,1,3,1,0,0,0,0,2,0,98,111,88.3,9,5,1,4,16,0,152,0,2,0,5,0,0,0,0,0,0,0,2,DF,25,de,M'Gladbach,Japan
193,Daizen Maeda,3,3,180,1,0,2,1,0.5,1,1,0,0,0,8,17,47.1,3,2,4,3,0,0,32,0,1,0,2,3,2,0,0,0,0,1,6,FW,24,sct,Celtic,Japan
194,Ritsu Doan,4,2,217,2,0,4,3,0.5,0.67,2,0,0,0,36,56,64.3,6,5,4,3,2,0,94,4,8,50,3,4,0,9,0,0,0,1,4,FW,23,de,Freiburg,Japan
195,Shogo Taniguchi,2,2,210,0,0,2,0,0,,0,0,1,0,72,85,84.7,1,0,2,1,10,0,105,0,0,,3,0,0,0,0,0,0,8,3,DF,30,jp,Kawa Frontale,Japan
196,Ao Tanaka,3,2,171,1,0,1,1,1,1,1,0,0,0,48,69,69.6,3,1,5,3,2,0,85,0,1,0,1,1,0,2,0,0,0,3,1,MF,23,de,Düsseldorf,Japan
197,Takefusa Kubo,2,2,90,0,0,0,0,,,0,0,0,0,6,11,54.5,1,1,3,0,0,0,22,0,0,,2,2,1,0,0,0,0,1,1,FW,21,es,Real Sociedad,Japan
198,Takehiro Tomiyasu,3,1,187,0,0,0,0,,,0,0,0,0,73,103,70.9,0,0,2,0,7,1,117,0,0,,1,0,0,0,0,0,0,6,4,"DF,MF",23,eng,Arsenal,Japan
199,Hiroki Sakai,2,1,119,0,0,1,0,0,,0,0,0,0,28,47,59.6,5,4,2,1,8,0,70,0,2,0,3,1,0,2,0,0,0,3,8,"MF,DF",32,jp,Urawa Reds,Japan
200,Yuki Soma,1,1,81,0,0,3,0,0,,0,0,0,0,11,19,57.9,2,0,0,0,0,0,27,1,2,50,2,3,0,6,0,0,0,0,0,"FW,MF",25,jp,Grampus,Japan
201,Miki Yamane,1,1,61,0,0,0,0,,,0,0,1,0,24,33,72.7,1,0,2,2,0,0,38,1,1,100,2,1,0,2,0,0,0,0,1,"DF,MF",28,jp,Kawa Frontale,Japan
202,Ayase Ueda,1,1,45,0,0,0,0,,,0,0,0,0,7,12,58.3,0,0,1,0,2,0,23,0,0,,1,0,0,0,0,0,0,1,0,FW,23,be,Cercle Brugge,Japan
203,Takuma Asano,4,0,165,1,0,8,2,0.13,0.5,1,0,0,0,21,28,75,0,0,0,1,1,0,49,0,1,0,4,0,2,1,0,0,0,1,9,FW,27,de,Bochum,Japan
204,Kaoru Mitoma,4,0,165,0,1,1,1,0,0,0,0,0,0,50,70,71.4,7,2,4,2,5,0,100,2,5,40,3,1,0,0,0,0,0,2,3,MF,25,eng,Brighton,Japan
205,Takumi Minamino,3,0,60,0,0,2,1,0,0,0,0,0,0,14,22,63.6,2,1,0,0,1,0,31,0,0,,1,0,0,3,0,0,0,0,2,FW,27,fr,Monaco,Japan
206,Hiroki Ito,1,0,45,0,0,0,0,,,0,0,0,0,58,63,92.1,0,0,0,0,0,0,64,0,0,,3,0,0,0,0,0,0,1,0,DF,23,de,Stuttgart,Japan
207,Kalidou Koulibaly,4,4,360,1,0,2,1,0.5,1,1,0,1,0,156,205,76.1,12,9,4,2,30,0,261,0,0,,3,3,0,0,0,0,0,11,5,DF,30,eng,Chelsea,Senegal
208,Edouard Mendy,4,4,360,0,0,0,0,,,0,0,0,0,88,120,73.3,0,0,1,0,3,1,127,0,0,,0,0,0,0,0,0,0,3,1,GK,30,eng,Chelsea,Senegal
209,Youssouf Sabaly,4,4,360,0,0,2,1,0,0,0,0,0,0,189,219,86.3,6,6,1,4,9,0,256,4,9,44.4,3,12,0,7,0,0,0,4,3,DF,29,es,Betis,Senegal
210,Ismaila Sarr,4,4,344,1,0,10,1,0,0,0,1,0,0,52,81,64.2,4,2,2,2,1,0,132,9,19,47.4,3,17,3,8,1,0,0,8,8,"FW,MF",24,eng,Watford,Senegal
211,Abdou Diallo,4,4,331,0,0,1,0,0,,0,0,0,0,139,186,74.7,2,2,1,1,10,0,210,0,0,,3,0,0,3,0,0,0,7,6,DF,26,de,RB Leipzig,Senegal
212,Boulaye Dia,4,4,318,1,0,8,3,0.13,0.33,1,0,1,0,39,53,73.6,1,0,1,1,3,0,83,1,4,25,3,3,2,1,0,0,0,5,7,FW,25,it,Salernitana,Senegal
213,Ismail Jakobs,4,3,278,0,1,1,0,0,,0,0,1,0,107,156,68.6,0,0,3,4,14,0,187,0,1,0,3,6,0,18,0,0,0,8,3,DF,22,fr,Monaco,Senegal
214,Nampalys Mendy,4,3,272,0,0,2,0,0,,0,0,1,0,141,159,88.7,4,4,4,3,3,0,182,1,1,100,5,2,0,2,0,0,0,0,1,MF,29,eng,Leicester City,Senegal
215,Idrissa Gana Gueye,3,3,270,0,0,4,1,0,0,0,0,2,0,107,133,80.5,2,1,3,5,3,0,158,1,2,50,4,1,0,15,0,0,0,2,3,MF,32,eng,Everton,Senegal
216,Krépin Diatta,3,3,181,0,0,3,1,0,0,0,0,0,0,60,73,82.2,0,0,1,0,0,0,90,1,3,33.3,4,2,2,4,0,0,0,2,1,"FW,MF",23,fr,Monaco,Senegal
217,Pathé Ciss,3,2,146,0,0,1,0,0,,0,0,1,0,46,57,80.7,3,3,1,2,4,0,77,1,3,33.3,4,0,0,0,0,0,0,5,0,MF,28,es,Rayo Vallecano,Senegal
218,Iliman Ndiaye,3,2,135,0,1,2,0,0,,0,0,0,0,25,32,78.1,0,0,2,1,0,0,44,6,8,75,0,1,0,2,0,0,0,0,3,"FW,MF",22,eng,Sheffield Utd,Senegal
219,Pape Gueye,3,1,153,0,0,4,2,0,0,0,0,0,0,45,62,72.6,4,2,2,2,2,0,81,0,1,0,3,3,0,1,0,0,0,5,3,MF,23,fr,Marseille,Senegal
220,Pape Abou Cissé,3,1,105,0,0,0,0,,,0,0,0,0,28,37,75.7,0,0,2,2,6,0,49,1,1,100,1,0,0,0,0,0,0,2,3,DF,26,gr,Olympiacos,Senegal
221,Famara Diedhiou,2,1,92,1,0,3,1,0.33,1,1,0,0,0,10,14,71.4,0,0,0,0,2,0,25,0,1,0,2,2,1,0,0,0,0,5,4,FW,29,tr,Alanyaspor,Senegal
222,Cheikhou Kouyaté,1,1,72,0,0,0,0,,,0,0,0,0,19,23,82.6,0,0,2,2,4,0,35,1,1,100,1,1,0,2,0,0,0,1,2,MF,32,eng,Nott'ham Forest,Senegal
223,Bamba Dieng,4,0,100,1,0,4,1,0.25,1,1,0,0,0,9,16,56.3,2,1,2,0,0,0,33,0,2,0,5,3,0,1,0,0,0,2,8,FW,22,fr,Marseille,Senegal
224,Pape Matar Sarr,2,0,59,0,0,4,0,0,,0,0,0,0,36,43,83.7,3,2,1,0,2,0,54,0,2,0,0,1,0,5,0,0,0,1,0,MF,19,eng,Tottenham,Senegal
225,Nicolas Jackson,1,0,17,0,0,0,0,,,0,0,0,0,9,10,90,0,0,0,0,0,0,11,0,0,,1,0,0,0,0,0,0,0,2,FW,20,es,Villarreal,Senegal
226,Fodé Ballo-Touré,1,0,7,0,0,0,0,,,0,0,0,0,5,8,62.5,0,0,1,0,0,0,10,0,1,0,0,0,0,2,0,0,0,1,0,DF,25,it,Milan,Senegal
227,Aziz Behich,4,4,360,0,0,2,0,0,,0,0,1,0,152,203,74.9,8,3,6,3,12,0,251,8,14,57.1,3,3,0,5,0,0,0,2,2,DF,31,sct,Dundee United,Australia
228,Aaron Mooy,4,4,360,0,0,1,0,0,,0,0,1,0,170,217,78.3,9,6,6,3,9,0,256,2,3,66.7,4,1,0,10,0,0,0,2,3,MF,31,sct,Celtic,Australia
229,Kye Rowles,4,4,360,0,0,0,0,,,0,0,0,0,165,187,88.2,8,2,9,7,16,1,232,0,0,,1,2,0,0,0,0,0,4,2,DF,23,sct,Hearts,Australia
230,Mathew Ryan,4,4,360,0,0,0,0,,,0,0,0,0,113,164,68.9,0,0,0,0,6,1,176,0,0,,0,1,0,0,0,0,0,0,0,GK,30,dk,FC Copenhagen,Australia
231,Harry Souttar,4,4,360,0,0,1,0,0,,0,0,0,0,138,167,82.6,4,0,7,6,22,0,212,0,0,,1,1,0,0,0,0,0,14,7,DF,23,eng,Stoke City,Australia
232,Jackson Irvine,4,4,354,0,0,3,0,0,,0,0,2,0,103,128,80.5,4,2,7,3,8,0,171,0,2,0,7,2,0,2,0,0,0,9,7,"MF,FW",29,de,St,Australia
233,Mathew Leckie,4,4,333,1,1,1,1,1,1,1,0,0,0,67,103,65,4,4,5,1,6,0,156,1,11,9.1,8,6,0,4,0,0,0,14,10,"MF,FW",31,au,Melb City,Australia
234,Mitchell Duke,4,4,270,1,0,7,4,0.14,0.25,1,0,1,0,36,63,57.1,0,0,5,2,1,0,97,1,2,50,6,3,1,1,0,0,0,11,12,FW,31,jp,Fagi Okayama,Australia
235,Riley McGree,4,4,265,0,1,3,1,0,0,0,0,0,0,57,75,76,2,1,5,5,3,0,107,0,1,0,9,2,0,5,0,0,0,1,2,"FW,MF",23,eng,Middlesbrough,Australia
236,Craig Goodwin,4,3,234,1,1,2,1,0.5,1,1,0,0,0,58,95,61.1,4,3,3,0,3,0,117,0,0,,1,2,0,18,0,0,0,1,5,MF,30,au,Adelaide,Australia
237,Miloš Degenek,4,2,183,0,0,0,0,,,0,0,2,0,67,101,66.3,6,4,2,1,9,0,127,0,2,0,2,8,0,1,0,0,0,6,1,DF,28,us,Columbus Crew,Australia
238,Keanu Baccus,4,1,114,0,0,1,0,0,,0,0,0,0,26,41,63.4,1,1,5,2,1,0,57,0,1,0,4,1,0,0,0,0,0,1,3,MF,24,sct,St Mirren,Australia
239,Fran Karačić,2,1,93,0,0,3,0,0,,0,0,0,0,33,54,61.1,2,1,2,2,3,0,70,0,0,,3,0,0,5,0,0,0,4,4,DF,26,it,Brescia,Australia
240,Nathaniel Atkinson,1,1,84,0,0,0,0,,,0,0,0,0,27,34,79.4,4,3,1,1,2,1,44,0,2,0,0,0,0,0,0,0,0,0,0,DF,23,sct,Hearts,Australia
241,Ajdin Hrustic,3,0,62,0,0,1,0,0,,0,0,0,0,17,21,81,2,0,0,1,1,0,32,1,4,25,1,2,0,1,0,0,0,0,2,"MF,FW",25,it,Hellas Verona,Australia
242,Jamie Maclaren,3,0,55,0,0,0,0,,,0,0,0,0,7,15,46.7,0,0,0,1,0,0,15,0,0,,1,0,0,2,0,0,0,1,4,FW,28,au,Melb City,Australia
243,Garang Kuol,2,0,37,0,0,1,1,0,0,0,0,0,0,3,5,60,0,0,0,1,0,0,10,0,2,0,1,0,0,0,0,0,0,1,2,"FW,MF",17,au,Central Coast,Australia
244,Jason Cummings,1,0,35,0,0,0,0,,,0,0,0,0,4,6,66.7,0,0,0,0,0,0,8,0,1,0,0,0,0,0,0,0,0,0,1,FW,26,au,Central Coast,Australia
245,Awer Mabil,2,0,24,0,0,0,0,,,0,0,0,0,10,14,71.4,0,0,1,1,0,0,19,0,1,0,0,0,0,0,0,0,0,0,2,MF,26,es,Cádiz,Australia
246,Bailey Wright,1,0,17,0,0,0,0,,,0,0,0,0,1,3,33.3,0,0,0,0,2,0,5,0,0,,0,0,0,0,0,0,0,1,3,DF,29,eng,Sunderland,Australia
247,Manuel Akanji,4,4,360,1,0,4,1,0.25,1,1,0,1,0,229,259,88.4,4,2,4,3,12,0,290,0,0,,4,1,0,1,0,0,0,9,2,DF,26,eng,Manchester City,Switzerland
248,Granit Xhaka,4,4,360,0,0,6,3,0,0,0,0,1,0,215,243,88.5,6,4,3,2,7,0,274,1,2,50,5,4,0,0,0,0,0,7,5,MF,29,eng,Arsenal,Switzerland
249,Ricardo Rodríguez,4,4,359,0,0,0,0,,,0,0,0,0,164,229,71.6,7,2,1,0,8,0,253,0,0,,6,2,0,12,0,0,0,10,2,DF,29,it,Torino,Switzerland
250,Breel Embolo,4,4,323,2,0,6,3,0.33,0.67,2,0,0,0,46,62,74.2,1,0,2,0,1,0,91,2,6,33.3,3,12,2,0,0,0,0,2,8,FW,25,fr,Monaco,Switzerland
251,Remo Freuler,4,4,323,1,0,3,1,0.33,1,1,0,0,0,127,154,82.5,8,5,3,3,3,1,197,0,4,0,6,2,0,0,0,0,0,1,4,MF,30,eng,Nott'ham Forest,Switzerland
252,Ruben Vargas,4,4,285,0,1,3,1,0,0,0,0,1,0,80,117,68.4,0,0,2,1,4,0,144,1,7,14.3,4,2,1,15,0,0,0,3,6,FW,23,de,Augsburg,Switzerland
253,Djibril Sow,4,4,264,0,1,2,0,0,,0,0,0,0,84,97,86.6,2,1,0,2,0,0,115,0,2,0,2,7,0,1,0,0,0,1,2,MF,25,de,Eint Frankfurt,Switzerland
254,Yann Sommer,3,3,270,0,0,0,0,,,0,0,0,0,108,118,91.5,0,0,0,0,0,0,126,0,0,,0,0,0,0,0,0,0,0,1,GK,33,de,M'Gladbach,Switzerland
255,Silvan Widmer,3,3,265,0,1,1,0,0,,0,0,1,0,127,169,75.1,10,6,3,2,15,0,211,1,2,50,4,2,0,2,0,0,0,3,1,DF,29,de,Mainz 05,Switzerland
256,Xherdan Shaqiri,3,3,229,1,1,4,2,0.25,0.5,1,0,0,0,67,104,64.4,0,0,0,0,0,0,113,0,3,0,2,6,0,15,0,0,0,1,4,"FW,MF",30,us,Chicago Fire,Switzerland
257,Nico Elvedi,2,2,180,0,0,1,0,0,,0,0,1,0,131,142,92.3,2,0,5,1,13,0,165,0,0,,3,1,0,0,0,0,0,2,3,DF,25,de,M'Gladbach,Switzerland
258,Fabian Schär,2,2,135,0,0,2,0,0,,0,0,2,0,65,82,79.3,2,1,1,2,7,0,100,0,0,,1,2,0,0,0,0,0,4,4,DF,30,eng,Newcastle Utd,Switzerland
259,Edimilson Fernandes,3,1,145,0,0,1,0,0,,0,0,0,0,65,82,79.3,2,1,3,2,3,0,96,0,1,0,1,1,1,5,0,0,0,0,1,"FW,DF",26,de,Mainz 05,Switzerland
260,Gregor Kobel,1,1,90,0,0,0,0,,,0,0,0,0,21,29,72.4,0,0,0,0,0,0,30,0,0,,0,0,0,0,0,0,0,0,0,GK,24,de,Dortmund,Switzerland
261,Fabian Rieder,2,1,68,0,0,0,0,,,0,0,1,0,13,26,50,3,2,2,0,1,0,34,1,1,100,4,2,0,1,0,0,0,0,1,FW,20,ch,Young Boys,Switzerland
262,Haris Seferović,3,0,71,0,0,1,0,0,,0,0,0,0,10,14,71.4,0,0,2,0,0,0,19,0,0,,1,0,0,0,0,0,0,0,1,FW,30,tr,Galatasaray,Switzerland
263,Denis Zakaria,2,0,59,0,0,1,0,0,,0,0,0,0,20,23,87,0,0,1,3,1,0,33,0,2,0,1,2,0,0,0,0,0,1,2,MF,25,eng,Chelsea,Switzerland
264,Eray Cömert,2,0,46,0,0,0,0,,,0,0,1,0,38,42,90.5,0,0,1,2,2,0,50,0,1,0,3,1,0,0,0,0,0,0,0,DF,24,es,Valencia,Switzerland
265,Noah Okafor,3,0,45,0,0,1,0,0,,0,0,0,0,17,22,77.3,0,0,1,0,0,0,29,0,3,0,2,1,1,0,0,0,0,0,0,"FW,MF",22,at,RB Salzburg,Switzerland
266,Renato Steffen,1,0,32,0,0,0,0,,,0,0,0,0,13,15,86.7,0,0,1,0,0,0,20,0,0,,0,1,1,0,0,0,0,0,1,FW,30,ch,Lugano,Switzerland
267,Fabian Frei,2,0,25,0,0,0,0,,,0,0,0,0,9,14,64.3,1,1,0,1,0,0,16,0,0,,1,0,0,0,0,0,0,0,1,MF,33,ch,Basel,Switzerland
268,Michel Aebischer,1,0,16,0,0,0,0,,,0,0,0,0,2,4,50,0,0,0,0,0,0,4,0,0,,0,0,0,0,0,0,0,1,0,"MF,FW",25,it,Bologna,Switzerland
269,Christian Fassnacht,1,0,8,0,0,1,1,0,0,0,0,0,0,7,10,70,0,0,0,0,1,0,12,2,2,100,0,0,0,0,0,0,0,0,0,FW,28,ch,Young Boys,Switzerland
270,Ardon Jasari,1,0,2,0,0,0,0,,,0,0,0,0,5,6,83.3,0,0,0,0,0,0,8,0,1,0,0,0,0,0,0,0,0,0,0,FW,19,ch,Luzern,Switzerland
271,Rodri,4,4,390,0,0,1,0,0,,0,0,0,0,642,689,93.2,5,2,3,3,9,0,711,0,0,,5,1,0,2,0,0,0,16,5,DF,25,eng,Manchester City,Spain
272,Unai Simón,4,4,390,0,0,0,0,,,0,0,0,0,150,160,93.8,0,0,0,0,2,3,167,0,0,,0,0,0,0,0,0,0,2,0,GK,25,es,Athletic Club,Spain
273,Dani Olmo,4,4,367,1,1,12,6,0.08,0.17,1,0,0,0,162,198,81.8,5,3,5,1,4,0,259,4,19,21.1,5,6,2,10,0,0,0,0,4,FW,24,de,RB Leipzig,Spain
274,Sergio Busquets,4,4,363,0,0,2,0,0,,0,0,1,0,261,289,90.3,7,4,2,1,1,0,310,1,1,100,3,3,0,0,0,0,0,8,5,MF,33,es,Barcelona,Spain
275,Pedri,4,4,356,0,0,0,0,,,0,0,0,0,393,434,90.6,4,2,5,4,3,0,468,6,11,54.5,2,3,0,2,0,0,0,2,0,MF,19,es,Barcelona,Spain
276,Gavi,4,4,284,1,0,1,1,1,1,1,0,0,0,133,154,86.4,8,4,3,1,2,0,185,3,7,42.9,9,14,0,4,0,0,0,2,5,MF,17,es,Barcelona,Spain
277,Aymeric Laporte,3,3,300,0,0,1,0,0,,0,0,1,0,413,438,94.3,2,0,0,3,7,0,455,0,0,,3,2,0,0,0,0,0,5,3,DF,28,eng,Manchester City,Spain
278,Jordi Alba,4,3,264,0,2,2,0,0,,0,0,0,0,328,372,88.2,6,4,2,3,2,0,395,2,3,66.7,4,3,1,14,1,0,0,0,2,DF,33,es,Barcelona,Spain
279,Marco Asensio,4,3,229,1,0,10,2,0.1,0.5,1,0,0,0,89,119,74.8,1,1,1,0,0,0,148,0,3,0,3,3,0,8,0,0,0,0,2,FW,26,es,Real Madrid,Spain
280,Ferrán Torres,4,3,217,2,0,3,1,0.33,1,1,1,0,0,59,85,69.4,0,0,1,0,0,0,117,1,11,9.1,1,5,2,9,0,0,0,0,3,FW,22,es,Barcelona,Spain
281,César Azpilicueta,2,2,135,0,1,0,0,,,0,0,0,0,171,181,94.5,1,0,2,1,0,0,186,0,0,,2,0,0,3,0,0,0,2,2,DF,32,eng,Chelsea,Spain
282,Álvaro Morata,4,1,185,3,1,8,5,0.38,0.6,3,0,0,0,28,41,68.3,1,1,2,0,2,0,60,1,3,33.3,1,2,5,0,0,0,0,1,0,FW,29,es,Atlético Madrid,Spain
283,Nico Williams,4,1,146,0,0,1,0,0,,0,0,0,0,50,63,79.4,4,2,2,0,0,0,90,5,16,31.3,0,1,1,6,0,0,0,1,2,FW,19,es,Athletic Club,Spain
284,Dani Carvajal,2,1,135,0,0,0,0,,,0,0,0,0,121,135,89.6,1,1,0,2,1,0,139,0,0,,0,1,0,0,0,0,0,0,1,DF,30,es,Real Madrid,Spain
285,Alejandro Balde,4,1,126,0,0,1,0,0,,0,0,0,0,112,123,91.1,6,6,2,0,2,0,135,0,2,0,2,1,0,2,0,0,0,0,2,DF,18,es,Barcelona,Spain
286,Marcos Llorente,1,1,120,0,0,1,0,0,,0,0,0,0,95,106,89.6,0,0,0,0,0,0,107,0,0,,0,0,0,2,0,0,0,0,1,DF,27,es,Atlético Madrid,Spain
287,Pau Torres,1,1,90,0,0,0,0,,,0,0,0,0,174,191,91.1,0,0,1,0,2,0,194,0,0,,1,0,0,0,0,0,0,1,1,DF,25,es,Villarreal,Spain
288,Carlos Soler,2,0,92,1,0,4,1,0.25,1,1,0,0,0,78,83,94,0,0,0,0,0,0,88,1,2,50,0,1,0,3,0,0,0,0,1,MF,25,fr,Paris S-G,Spain
289,Koke,2,0,52,0,0,0,0,,,0,0,0,0,56,62,90.3,1,1,0,0,0,0,68,0,0,,0,0,0,0,0,0,0,0,0,MF,30,es,Atlético Madrid,Spain
290,Ansu Fati,2,0,46,0,0,0,0,,,0,0,0,0,25,29,86.2,1,1,0,0,0,0,34,0,2,0,0,0,0,1,0,0,0,1,0,FW,19,es,Barcelona,Spain
291,Pablo Sarabia,1,0,3,0,0,1,0,0,,0,0,0,0,2,5,40,0,0,0,0,0,0,6,0,0,,0,0,0,3,0,0,0,0,0,FW,30,fr,Paris S-G,Spain
292,Tyler Adams,4,4,360,0,0,1,0,0,,0,0,1,0,241,271,88.9,11,9,6,4,6,0,308,1,1,100,5,5,0,2,0,0,0,5,2,MF,23,eng,Leeds United,United States
293,Tim Ream,4,4,360,0,0,1,0,0,,0,0,1,0,245,276,88.8,4,3,2,4,12,0,306,2,2,100,1,2,0,0,0,0,0,6,8,DF,34,eng,Fulham,United States
294,Matt Turner,4,4,360,0,0,0,0,,,0,0,0,0,101,128,78.9,0,0,0,0,1,0,136,0,0,,0,4,0,0,0,0,0,0,0,GK,27,eng,Arsenal,United States
295,Antonee Robinson,4,4,359,0,0,0,0,,,0,0,0,0,173,241,71.8,5,4,3,7,8,0,290,4,5,80,2,0,1,21,0,0,0,5,3,DF,24,eng,Fulham,United States
296,Yunus Musah,4,4,343,0,0,4,1,0,0,0,0,0,0,151,182,83,8,6,7,2,1,0,222,4,11,36.4,9,3,0,8,0,0,0,3,3,MF,19,es,Valencia,United States
297,Timothy Weah,4,4,316,1,0,5,3,0.2,0.33,1,0,0,0,90,108,83.3,0,0,5,0,0,0,133,2,2,100,1,1,2,8,0,0,0,2,3,FW,22,fr,Lille,United States
298,Christian Pulisic,4,4,315,1,2,9,5,0.11,0.2,1,0,0,0,83,141,58.9,2,0,2,0,1,0,191,4,15,26.7,2,11,1,31,0,0,0,2,4,"FW,MF",23,eng,Chelsea,United States
299,Sergiño Dest,4,4,305,0,1,6,0,0,,0,0,1,0,172,200,86,4,2,3,2,7,0,253,5,13,38.5,4,2,0,9,0,0,0,1,3,DF,21,it,Milan,United States
300,Weston McKennie,4,4,271,0,0,5,1,0,0,0,0,1,0,117,153,76.5,2,1,4,0,5,0,179,1,2,50,6,2,0,1,0,0,0,3,3,MF,23,it,Juventus,United States
301,Walker Zimmerman,4,3,279,0,0,1,0,0,,0,0,0,0,217,244,88.9,3,2,4,4,15,0,275,0,0,,3,0,0,0,0,1,0,8,5,DF,29,us,Nashville,United States
302,Josh Sargent,3,2,157,0,0,4,1,0,0,0,0,0,0,29,33,87.9,0,0,1,1,0,0,48,2,2,100,2,0,0,1,0,0,0,3,6,FW,22,eng,Norwich City,United States
303,Haji Wright,4,1,137,1,0,6,2,0.17,0.5,1,0,0,0,20,27,74.1,2,0,0,0,1,0,45,0,1,0,1,3,1,1,0,0,0,6,7,FW,24,tr,Antalyaspor,United States
304,Cameron Carter-Vickers,1,1,90,0,0,0,0,,,0,0,0,0,50,58,86.2,0,0,1,0,4,0,64,0,0,,0,1,0,0,0,0,0,4,4,DF,24,sct,Celtic,United States
305,Jesús Ferreira,1,1,45,0,0,0,0,,,0,0,0,0,16,19,84.2,1,0,0,0,0,0,24,0,1,0,0,1,0,0,0,0,0,0,0,FW,21,us,FC Dallas,United States
306,Brenden Aaronson,4,0,108,0,0,1,0,0,,0,0,0,0,41,50,82,3,2,5,1,0,0,80,2,11,18.2,3,3,0,3,0,0,0,0,1,MF,21,eng,Leeds United,United States
307,Gio Reyna,2,0,53,0,0,2,0,0,,0,0,0,0,26,38,68.4,0,0,1,0,0,0,42,0,0,,0,2,0,2,0,0,0,2,0,FW,19,de,Dortmund,United States
308,Kellyn Acosta,2,0,43,0,0,0,0,,,0,0,1,0,10,12,83.3,3,2,0,0,0,0,16,0,0,,1,0,0,0,0,0,0,1,0,MF,26,us,Los Angeles FC,United States
309,DeAndre Yedlin,2,0,33,0,0,0,0,,,0,0,0,0,19,28,67.9,2,1,0,0,2,0,32,0,0,,2,0,0,4,0,0,0,1,0,DF,28,us,Inter Miami,United States
310,Shaquell Moore,2,0,22,0,0,0,0,,,0,0,0,0,14,21,66.7,2,2,0,0,3,0,27,0,0,,3,0,0,0,0,0,0,1,0,DF,25,us,Nashville,United States
311,Jordan Morris,2,0,4,0,0,0,0,,,0,0,0,0,1,4,25,0,0,0,0,0,0,5,0,0,,0,0,0,2,0,0,0,0,1,"FW,DF",27,us,Seattle,United States
312,Matty Cash,4,4,360,0,0,1,0,0,,0,0,2,0,123,160,76.9,4,3,7,0,17,0,199,1,4,25,7,3,0,9,0,0,0,2,1,DF,24,eng,Aston Villa,Poland
313,Kamil Glik,4,4,360,0,0,3,0,0,,0,0,0,0,118,130,90.8,2,1,2,3,23,0,168,0,0,,2,0,0,0,0,0,0,4,3,DF,34,it,Benevento,Poland
314,Robert Lewandowski,4,4,360,2,1,10,2,0.1,0.5,1,1,0,0,61,91,67,2,2,3,1,8,0,153,5,12,41.7,6,9,0,3,1,0,0,16,17,FW,33,es,Barcelona,Poland
315,Wojciech Szczęsny,4,4,360,0,0,0,0,,,0,0,0,0,84,142,59.2,0,0,0,0,4,0,160,0,0,,1,1,0,0,0,1,0,2,0,GK,32,it,Juventus,Poland
316,Jakub Kiwior,4,4,355,0,0,1,0,0,,0,0,1,0,174,205,84.9,2,1,4,4,15,2,235,0,0,,1,0,0,0,0,0,0,3,4,DF,22,it,Spezia,Poland
317,Bartosz Bereszyński,4,4,341,0,0,0,0,,,0,0,1,0,122,156,78.2,6,2,4,2,17,0,200,1,7,14.3,5,3,0,4,0,0,0,4,2,DF,29,it,Sampdoria,Poland
318,Grzegorz Krychowiak,4,4,332,0,0,1,0,0,,0,0,1,0,93,127,73.2,9,4,5,5,4,0,164,1,3,33.3,6,7,0,1,0,0,0,4,3,MF,32,sa,Al-Shabab,Poland
319,Piotr Zieliński,4,4,328,1,0,3,2,0.33,0.5,1,0,0,0,124,153,81,7,5,1,1,7,0,179,1,4,25,4,2,0,16,0,0,0,0,2,"MF,FW",28,it,Napoli,Poland
320,Przemysław Frankowski,4,3,240,0,0,1,0,0,,0,0,1,0,49,74,66.2,7,4,1,3,5,0,99,2,4,50,1,5,0,8,0,0,0,1,1,MF,27,fr,Lens,Poland
321,Jakub Kamiński,4,2,233,0,0,4,1,0,0,0,0,0,0,37,61,60.7,6,1,4,0,2,0,93,2,5,40,5,2,0,4,0,0,0,0,5,MF,20,de,Wolfsburg,Poland
322,Krystian Bielik,4,2,216,0,0,2,0,0,,0,0,0,0,86,99,86.9,5,3,1,5,6,0,130,1,3,33.3,5,4,0,0,0,1,0,6,4,MF,24,eng,Derby County,Poland
323,Sebastian Szymański,2,2,134,0,0,0,0,,,0,0,0,0,26,41,63.4,6,3,4,2,1,0,61,1,3,33.3,1,3,0,3,0,0,0,1,5,MF,23,nl,Feyenoord,Poland
324,Arkadiusz Milik,3,1,101,0,0,1,0,0,,0,0,1,0,19,29,65.5,0,0,1,0,0,0,40,1,1,100,1,2,1,0,0,0,0,4,5,"FW,MF",28,it,Juventus,Poland
325,Nicola Zalewski,2,1,65,0,0,0,0,,,0,0,0,0,15,17,88.2,4,0,1,0,0,0,29,0,2,0,1,2,0,1,0,0,0,0,1,MF,20,it,Roma,Poland
326,Karol Świderski,1,1,45,0,0,0,0,,,0,0,0,0,7,7,100,4,1,0,2,0,0,15,0,0,,0,1,0,0,0,0,0,1,1,FW,25,us,Charlotte,Poland
327,Michał Skóraś,1,0,45,0,0,1,0,0,,0,0,0,0,8,9,88.9,0,0,1,1,0,0,12,0,1,0,1,2,0,0,0,0,0,1,0,MF,22,pl,Lech Poznań,Poland
328,Damian Szymański,1,0,29,0,0,0,0,,,0,0,0,0,8,8,100,0,0,0,1,0,0,9,0,0,,0,0,0,0,0,0,0,0,0,MF,26,gr,AEK Athens,Poland
329,Krzysztof Piątek,2,0,28,0,0,1,0,0,,0,0,0,0,2,6,33.3,0,0,0,0,0,0,9,0,0,,0,1,0,0,0,0,0,2,6,FW,26,it,Salernitana,Poland
330,Artur Jędrzejczyk,1,0,19,0,0,0,0,,,0,0,0,0,3,4,75,0,0,0,0,1,0,5,0,0,,0,0,0,0,0,0,0,0,0,DF,34,pl,Legia Warsaw,Poland
331,Jan Bednarek,1,0,5,0,0,0,0,,,0,0,0,0,6,6,100,0,0,0,0,0,0,6,0,0,,0,0,0,0,0,0,0,0,0,DF,26,eng,Aston Villa,Poland
332,Kamil Grosicki,1,0,4,0,0,0,0,,,0,0,0,0,4,6,66.7,0,0,0,0,0,0,6,1,1,100,0,0,0,3,0,0,0,0,0,MF,34,pl,Pogoń Szczecin,Poland
333,Son Heung-min,4,4,360,0,1,9,3,0,0,0,0,0,0,77,115,67,5,2,2,2,0,1,165,3,15,20,1,6,2,21,0,0,0,0,2,"FW,MF",29,eng,Tottenham,Korea Republic
334,Kim Moonhwan,4,4,360,0,0,0,0,,,0,0,0,0,201,242,83.1,9,4,3,4,16,0,293,2,4,50,1,0,0,15,0,0,0,6,3,DF,26,kr,Jeonbuk,Korea Republic
335,Kim Seung-gyu,4,4,360,0,0,0,0,,,0,0,0,0,93,128,72.7,0,0,0,2,2,0,139,0,0,,0,0,0,0,0,0,0,0,2,GK,31,sa,Al-Shabab,Korea Republic
336,Kim Young-gwon,4,4,350,1,0,2,1,0.5,1,1,0,1,0,178,209,85.2,3,2,3,3,11,0,233,0,0,,1,2,0,1,0,0,0,6,2,DF,32,kr,Ulsan Hyundai,Korea Republic
337,Hwang In-beom,4,4,334,0,0,6,1,0,0,0,0,0,0,194,247,78.5,4,3,1,3,2,0,275,0,5,0,7,3,0,6,0,0,0,2,5,MF,25,gr,Olympiacos,Korea Republic
338,Kim Jin-su,4,4,315,0,1,4,0,0,,0,0,0,0,105,146,71.9,10,5,2,3,5,0,177,0,2,0,1,6,1,16,0,0,0,10,4,DF,30,kr,Jeonbuk,Korea Republic
339,Jung Woo-young,4,4,303,0,0,1,0,0,,0,0,2,0,178,211,84.4,5,4,3,3,7,0,241,0,0,,11,0,0,1,0,1,0,6,2,MF,32,qa,Al Sadd SC,Korea Republic
340,Cho Guesung,4,3,275,2,0,9,5,0.22,0.4,2,0,1,0,40,63,63.5,0,0,3,0,3,0,90,0,5,0,7,6,4,1,0,0,0,21,12,FW,24,kr,Jeonbuk,Korea Republic
341,Kim Min-jae,3,3,269,0,0,2,0,0,,0,0,0,0,167,191,87.4,2,1,5,2,8,0,213,1,1,100,0,0,0,1,0,0,0,10,1,DF,25,it,Napoli,Korea Republic
342,Lee Jae-sung,3,3,211,0,0,1,0,0,,0,0,0,0,84,97,86.6,5,2,3,3,2,0,115,2,3,66.7,2,1,0,1,0,0,0,3,4,"MF,FW",29,de,Mainz 05,Korea Republic
343,Lee Kangin,4,1,147,0,1,5,1,0,0,0,0,1,0,62,77,80.5,4,3,0,0,0,0,92,1,2,50,2,4,0,12,0,0,0,0,1,"MF,FW",21,es,Mallorca,Korea Republic
344,Na Sang-ho,2,1,119,0,0,1,1,0,0,0,0,0,0,24,37,64.9,4,1,0,0,2,0,60,0,4,0,2,0,0,8,0,0,0,3,3,FW,25,kr,FC Seoul,Korea Republic
345,Hwang Hee-chan,2,1,115,1,0,6,5,0.17,0.2,1,0,1,0,45,59,76.3,1,1,0,0,0,0,83,3,10,30,3,3,0,3,0,0,0,0,1,"MF,FW",26,eng,Wolves,Korea Republic
346,Hwang Ui-jo,4,1,106,0,0,1,0,0,,0,0,0,0,9,11,81.8,0,0,0,0,1,0,18,1,1,100,0,0,0,0,0,0,0,1,12,"FW,MF",29,gr,Olympiacos,Korea Republic
347,Kwon Kyung-won,2,1,91,0,0,1,0,0,,0,0,0,0,39,43,90.7,0,0,1,2,5,0,54,0,0,,0,3,0,0,0,0,0,2,2,DF,30,jp,Gamba Osaka,Korea Republic
348,Kwon Chang-hoon,1,1,56,0,0,0,0,,,0,0,0,0,19,25,76,1,0,0,0,0,0,28,0,0,,0,0,0,3,0,0,0,0,2,"FW,MF",27,kr,Sangju Sangmu,Korea Republic
349,Jeong Woo-yeong,1,1,45,0,0,1,0,0,,0,0,0,0,12,15,80,0,0,0,0,1,0,20,0,1,0,1,0,0,1,0,0,0,0,0,MF,22,de,Freiburg,Korea Republic
350,Son Jun-ho,3,0,72,0,0,0,0,,,0,0,0,0,55,59,93.2,3,3,3,3,0,0,68,0,0,,5,0,0,0,0,0,0,0,1,"MF,DF",30,cn,Shandong Lunen,Korea Republic
351,Hong Chul,1,0,45,0,0,0,0,,,0,0,0,0,17,20,85,0,0,2,1,1,0,25,0,1,0,0,0,0,2,0,0,0,1,0,DF,31,kr,Daegu,Korea Republic
352,Paik Seung-ho,1,0,26,1,0,1,1,1,1,1,0,0,0,20,27,74.1,3,2,0,0,0,0,31,0,0,,1,0,0,0,0,0,0,1,0,MF,25,kr,Jeonbuk,Korea Republic
353,Cho Yumin,1,0,1,0,0,0,0,,,0,0,0,0,0,0,,0,0,0,0,0,0,0,0,0,,0,0,0,0,0,0,0,0,0,FW,25,kr,Daejeon Citizen FC,Korea Republic
354,Joshua Kimmich,3,3,270,0,0,7,4,0,0,0,0,1,0,226,267,84.6,5,2,6,3,1,0,302,1,4,25,2,2,0,21,0,0,0,4,1,"MF,DF",27,de,Bayern Munich,Germany
355,Manuel Neuer,3,3,270,0,0,0,0,,,0,0,0,0,115,127,90.6,0,0,0,0,0,2,133,0,0,,0,0,0,0,0,0,0,0,0,GK,36,de,Bayern Munich,Germany
356,Antonio Rüdiger,3,3,270,0,0,6,1,0,0,0,0,0,0,229,252,90.9,2,1,3,0,5,1,272,0,1,0,0,3,1,0,0,0,0,6,1,DF,29,es,Real Madrid,Germany
357,Niklas Süle,3,3,269,0,0,1,0,0,,0,0,0,0,231,255,90.6,5,4,1,0,7,0,267,0,0,,0,2,0,1,0,0,0,6,3,DF,26,de,Dortmund,Germany
358,Serge Gnabry,3,3,263,1,1,12,4,0.08,0.25,1,0,0,0,86,118,72.9,5,2,2,2,3,0,151,3,5,60,2,2,3,7,0,0,0,0,2,"FW,MF",26,de,Bayern Munich,Germany
359,Jamal Musiala,3,3,258,0,1,12,3,0,0,0,0,0,0,85,105,81,1,1,3,1,0,0,165,19,36,52.8,1,6,1,1,0,0,0,1,2,"MF,FW",19,de,Bayern Munich,Germany
360,David Raum,3,3,242,0,1,0,0,,,0,0,0,0,153,195,78.5,6,3,10,7,2,0,232,2,4,50,5,3,1,24,1,0,0,5,3,DF,24,de,RB Leipzig,Germany
361,Thomas Müller,3,3,201,0,0,3,0,0,,0,0,0,0,56,78,71.8,2,2,4,1,0,0,91,0,0,,0,1,2,5,0,0,0,1,7,"FW,MF",32,de,Bayern Munich,Germany
362,İlkay Gündoğan,3,3,189,1,0,5,2,0,0,0,1,0,0,150,168,89.3,3,1,2,1,1,0,188,2,2,100,3,2,1,1,0,0,0,3,2,MF,31,eng,Manchester City,Germany
363,Leon Goretzka,3,2,159,0,0,4,1,0,0,0,0,1,0,42,57,73.7,5,3,1,1,0,0,72,0,0,,4,3,0,1,0,0,0,3,2,MF,27,de,Bayern Munich,Germany
364,Leroy Sané,2,1,111,0,1,3,0,0,,0,0,0,0,47,58,81,1,1,2,0,1,0,67,3,6,50,0,0,0,2,0,0,0,1,1,"FW,DF",26,de,Bayern Munich,Germany
365,Kai Havertz,2,1,102,2,0,5,3,0.4,0.67,2,0,0,0,27,34,79.4,1,1,0,1,0,0,45,0,0,,3,0,3,2,0,0,0,0,2,FW,23,eng,Chelsea,Germany
366,Nico Schlotterbeck,2,1,94,0,0,0,0,,,0,0,0,0,110,123,89.4,4,3,2,1,1,0,135,0,2,0,1,1,0,0,0,0,0,2,0,DF,22,de,Dortmund,Germany
367,Thilo Kehrer,1,1,69,0,0,0,0,,,0,0,1,0,22,29,75.9,6,2,1,3,2,0,43,0,0,,3,0,0,0,0,0,0,0,0,DF,25,eng,West Ham,Germany
368,Niclas Füllkrug,3,0,69,2,1,8,3,0.25,0.67,2,0,0,0,15,24,62.5,0,0,0,0,0,0,38,1,1,100,0,1,0,0,0,0,0,4,5,FW,29,de,Werder Bremen,Germany
369,Lukas Klostermann,2,0,66,0,0,0,0,,,0,0,0,0,51,52,98.1,3,1,0,0,1,0,57,0,0,,1,0,0,0,0,0,0,0,0,DF,26,de,RB Leipzig,Germany
370,Mario Götze,2,0,36,0,0,1,1,0,0,0,0,0,0,21,23,91.3,1,0,2,0,0,0,30,0,2,0,0,1,0,2,0,0,0,0,0,MF,30,de,Eint Frankfurt,Germany
371,Jonas Hofmann,2,0,30,0,0,1,1,0,0,0,0,0,0,16,20,80,0,0,2,0,0,0,26,0,1,0,0,0,0,0,0,0,0,0,1,FW,29,de,M'Gladbach,Germany
372,Matthias Ginter,1,0,1,0,0,0,0,,,0,0,0,0,3,3,100,0,0,0,0,0,0,3,0,0,,1,0,0,0,0,0,0,0,1,DF,28,de,Freiburg,Germany
373,Youssoufa Moukoko,1,0,1,0,0,0,0,,,0,0,0,0,1,2,50,0,0,0,0,0,0,2,0,0,,0,0,0,1,0,0,0,0,0,FW,17,de,Dortmund,Germany
374,Pervis Estupiñán,3,3,270,0,0,1,1,0,0,0,0,0,0,148,190,77.9,6,3,4,3,6,0,222,2,8,25,8,3,2,19,0,0,0,3,3,DF,24,eng,Brighton,Ecuador
375,Hernán Galíndez,3,3,270,0,0,0,0,,,0,0,0,0,44,74,59.5,0,0,0,0,0,0,76,0,0,,0,0,0,0,0,0,0,2,0,GK,35,ec,SD Aucas,Ecuador
376,Piero Hincapié,3,3,270,0,0,0,0,,,0,0,0,0,168,200,84,7,4,2,2,9,0,227,0,0,,5,1,0,1,0,1,0,5,3,DF,20,de,Leverkusen,Ecuador
377,Félix Torres Caicedo,3,3,270,0,1,1,0,0,,0,0,0,0,168,208,80.8,2,2,3,4,10,0,233,0,1,0,1,0,0,0,0,0,0,9,4,DF,25,mx,Santos,Ecuador
378,Moisés Caicedo,3,3,269,1,0,3,1,0.33,1,1,0,1,0,126,153,82.4,6,5,4,2,2,1,174,0,0,,4,5,0,0,0,0,0,1,1,MF,20,eng,Brighton,Ecuador
379,Gonzalo Plata,3,3,269,0,0,2,1,0,0,0,0,0,0,77,104,74,3,2,3,2,0,0,133,4,12,33.3,4,6,0,17,0,0,0,5,6,"MF,FW",21,es,Valladolid,Ecuador
380,Ángelo Preciado,3,3,264,0,1,4,0,0,,0,0,0,0,94,129,72.9,7,5,2,6,4,0,160,0,4,0,8,2,0,8,0,0,0,3,2,DF,24,be,Genk,Ecuador
381,Enner Valencia,3,3,255,3,0,8,3,0.25,0.67,2,1,0,0,40,57,70.2,2,0,3,1,2,0,99,2,7,28.6,3,7,2,3,1,0,0,2,8,"FW,MF",32,tr,Fenerbahçe,Ecuador
382,Michael Estrada,3,3,225,0,0,3,0,0,,0,0,0,0,28,50,56,1,0,4,0,0,0,71,2,3,66.7,6,7,2,0,0,0,0,13,14,FW,26,mx,Cruz Azul,Ecuador
383,Jhegson Méndez,2,2,180,0,0,0,0,,,0,0,2,0,128,140,91.4,2,2,4,1,1,0,149,0,1,0,3,2,0,2,0,0,0,2,2,MF,25,us,Los Angeles FC,Ecuador
384,Jackson Porozo,2,1,96,0,0,1,0,0,,0,0,0,0,39,44,88.6,2,2,1,3,4,0,58,0,0,,1,2,1,0,0,0,0,1,0,DF,21,fr,Troyes,Ecuador
385,Romario Ibarra,2,1,68,0,0,2,1,0,0,0,0,0,0,10,14,71.4,0,0,1,1,2,0,23,1,1,100,0,0,0,0,0,0,0,0,1,MF,27,mx,Pachuca,Ecuador
386,Alan Franco,2,1,46,0,0,0,0,,,0,0,0,0,10,11,90.9,1,0,0,2,1,0,16,0,0,,0,0,0,0,0,0,0,1,1,MF,23,ar,Talleres,Ecuador
387,Carlos Gruezo,1,1,45,0,0,0,0,,,0,0,0,0,15,15,100,2,2,0,0,0,0,19,0,0,,0,0,0,0,0,0,0,0,1,MF,27,de,Augsburg,Ecuador
388,Jeremy Sarmiento,3,0,85,0,0,1,1,0,0,0,0,0,0,23,37,62.2,2,1,0,1,0,0,45,2,6,33.3,2,2,1,5,0,0,0,2,1,"MF,FW",19,eng,Brighton,Ecuador
389,José Cifuentes,2,0,59,0,0,1,1,0,0,0,0,0,0,33,44,75,2,2,1,0,1,0,53,0,0,,3,0,0,2,0,0,0,0,0,MF,23,us,Los Angeles FC,Ecuador
390,Djorkaeff Reasco,1,0,27,0,0,0,0,,,0,0,0,0,2,2,100,0,0,0,0,0,0,3,0,0,,1,0,0,0,0,0,0,0,0,FW,23,ar,Newell's OB,Ecuador
391,Kevin Rodríguez,2,0,2,0,0,2,1,0,0,0,0,0,0,,,,,0,,0,,,,,,,1,0,0,0,,,0,,,FW,22,,,Ecuador
392,Collins Fai,3,3,270,0,0,1,0,0,,0,0,2,0,99,146,67.8,5,2,2,4,7,0,169,0,2,0,4,4,0,13,0,0,0,1,1,DF,29,sa,Al-Ta'ee,Cameroon
393,Nouhou Tolo,3,3,270,0,0,0,0,,,0,0,1,0,83,109,76.1,8,5,5,6,10,0,148,1,5,20,3,1,0,7,0,0,0,4,3,DF,24,us,Seattle,Cameroon
394,Andre-Frank Zambo Anguissa,3,3,260,0,1,1,1,0,0,0,0,0,0,113,130,86.9,4,0,2,5,2,0,158,4,5,80,6,4,0,2,0,0,0,4,0,MF,26,it,Napoli,Cameroon
395,Eric Maxim Choupo-Moting,3,3,253,1,0,3,2,0.33,0.5,1,0,0,0,44,66,66.7,4,2,0,1,1,0,88,3,8,37.5,0,1,1,0,0,0,0,11,6,"FW,MF",33,de,Bayern Munich,Cameroon
396,Bryan Mbeumo,3,3,233,0,0,2,2,0,0,0,0,0,0,49,85,57.6,0,0,1,1,2,0,107,1,7,14.3,1,8,0,12,0,0,0,5,9,"FW,MF",22,eng,Brentford,Cameroon
397,Jean-Charles Castelletto,2,2,180,1,1,1,1,1,1,1,0,0,0,66,82,80.5,3,3,2,6,12,0,109,1,1,100,1,1,0,3,0,0,0,3,1,DF,27,fr,Nantes,Cameroon
398,Devis Epassy,2,2,180,0,0,0,0,,,0,0,0,0,57,83,68.7,0,0,0,0,2,0,92,0,0,,0,1,0,0,0,0,0,2,0,GK,29,sa,Abha,Cameroon
399,Nicolas Nkoulou,2,2,180,0,1,3,1,0,0,0,0,1,0,79,91,86.8,2,0,2,5,8,1,115,0,0,,2,2,0,0,0,0,0,2,4,DF,32,gr,Aris,Cameroon
400,Karl Toko Ekambi,3,2,166,0,0,2,1,0,0,0,0,0,0,43,53,81.1,1,1,1,2,0,0,68,1,4,25,0,3,0,3,0,0,0,1,4,"FW,MF",29,fr,Lyon,Cameroon
401,Pierre Kunde,2,2,131,0,0,5,2,0,0,0,0,1,0,38,49,77.6,4,2,0,4,4,0,71,0,1,0,3,1,0,4,0,0,0,1,0,MF,26,gr,Olympiacos,Cameroon
402,Martin Hongla,2,2,121,0,0,1,1,0,0,0,0,0,0,49,61,80.3,0,0,2,2,3,0,73,2,3,66.7,1,1,1,1,0,0,0,1,0,MF,24,it,Hellas Verona,Cameroon
403,Vincent Aboubakar,3,1,142,2,1,6,3,0.33,0.67,2,0,2,1,20,31,64.5,0,0,0,0,4,0,48,5,7,71.4,3,2,0,0,0,0,0,2,3,FW,30,sa,Al-Nassr,Cameroon
404,Samuel Oum Gouet,2,1,100,0,0,0,0,,,0,0,0,0,52,59,88.1,1,1,0,0,3,0,65,0,0,,0,1,0,1,0,0,0,1,0,MF,24,be,Mechelen,Cameroon
405,Moumi Ngamaleu,2,1,95,0,0,0,0,,,0,0,0,0,21,25,84,3,1,0,0,0,0,36,2,4,50,3,5,0,1,0,0,0,0,2,"FW,MF",27,ru,Dynamo Mosc,Cameroon
406,Enzo Ebosse,1,1,90,0,0,0,0,,,0,0,0,0,34,38,89.5,4,2,1,0,5,0,49,0,0,,0,0,0,0,0,0,0,2,0,DF,23,it,Udinese,Cameroon
407,Christopher Wooh,1,1,90,0,0,1,0,0,,0,0,0,0,25,31,80.6,1,0,3,1,6,0,45,0,0,,2,0,0,0,0,0,0,0,0,DF,20,fr,Rennes,Cameroon
408,André Onana,1,1,80,0,0,0,0,,,0,0,0,0,45,59,76.3,0,0,0,0,0,0,60,0,0,,0,0,0,0,0,0,0,0,0,GK,26,it,Inter,Cameroon
409,Gaël Ondoua,2,0,47,0,0,0,0,,,0,0,0,0,17,19,89.5,2,1,1,2,0,0,25,0,0,,2,1,0,0,0,0,0,1,2,MF,26,de,Hannover 96,Cameroon
410,Georges-Kévin N'Koudou,2,0,27,0,0,1,1,0,0,0,0,0,0,9,12,75,0,0,0,0,0,0,21,0,2,0,1,1,0,2,0,0,0,0,1,"FW,MF",27,tr,Beşiktaş,Cameroon
411,Olivier Ntcham,1,0,25,0,0,1,1,0,0,0,0,0,0,11,12,91.7,0,0,0,0,1,0,14,2,2,100,0,0,0,0,0,0,0,0,0,MF,26,eng,Swansea City,Cameroon
412,Christian Bassogog,1,0,24,0,0,0,0,,,0,0,1,0,5,9,55.6,0,0,0,1,0,0,14,2,4,50,0,1,0,2,0,0,0,0,0,MF,26,cn,Shanghai Shen,Cameroon
413,Jerome Ngom Mbekeli,1,0,5,0,0,0,0,,,0,0,0,0,1,2,50,0,0,0,0,1,0,4,0,0,,0,0,0,2,0,0,0,1,0,MF,23,cm,Colombe Sportive du Dja et Lobo,Cameroon
414,José María Giménez,3,3,270,0,0,3,0,0,,0,0,1,0,141,174,81,4,1,6,7,11,0,213,0,0,,4,3,1,2,0,1,0,8,3,DF,27,es,Atlético Madrid,Uruguay
415,Sergio Rochet,3,3,270,0,0,0,0,,,0,0,0,0,54,78,69.2,0,0,0,0,1,1,89,0,0,,1,0,0,0,0,1,0,1,0,GK,29,uy,Nacional,Uruguay
416,Federico Valverde,3,3,270,0,0,7,1,0,0,0,0,0,0,159,189,84.1,7,4,6,5,1,0,227,1,4,25,6,2,0,7,0,0,0,1,3,MF,23,es,Real Madrid,Uruguay
417,Mathías Olivera,3,3,253,0,0,2,0,0,,0,0,1,0,104,133,78.2,9,5,9,2,10,0,183,0,3,0,2,3,0,6,0,0,0,6,4,DF,24,it,Napoli,Uruguay
418,Darwin Núñez,3,3,240,0,0,3,1,0,0,0,0,1,0,35,56,62.5,3,2,2,0,2,0,86,0,4,0,2,3,0,4,0,0,0,5,10,FW,22,eng,Liverpool,Uruguay
419,Rodrigo Bentancur,3,3,213,0,0,3,1,0,0,0,0,1,0,136,160,85,9,8,3,7,5,0,195,3,6,50,5,3,0,2,0,0,0,6,3,MF,24,eng,Tottenham,Uruguay
420,Matías Vecino,3,2,195,0,0,1,1,0,0,0,0,0,0,76,106,71.7,4,3,6,4,1,0,131,0,0,,4,0,0,1,0,0,0,3,3,MF,30,it,Lazio,Uruguay
421,Guillermo Varela,3,2,183,0,0,0,0,,,0,0,0,0,62,92,67.4,3,2,1,3,1,0,108,0,3,0,3,8,0,7,0,0,0,1,2,DF,29,br,Flamengo,Uruguay
422,Facundo Pellistri,3,2,181,0,0,1,0,0,,0,0,0,0,32,46,69.6,2,1,1,0,2,0,68,0,6,0,2,2,0,3,0,0,0,0,6,"MF,FW",20,eng,Manchester Utd,Uruguay
423,Sebastián Coates,2,2,180,0,0,1,0,0,,0,0,1,0,76,93,81.7,1,0,3,1,6,0,107,0,0,,2,0,0,0,0,0,0,7,0,DF,31,pt,Sporting CP,Uruguay
424,Diego Godín,2,2,151,0,0,1,0,0,,0,0,0,0,87,103,84.5,0,0,0,1,9,0,116,0,0,,0,1,0,0,0,0,0,8,2,DF,36,ar,Vélez Sarsf,Uruguay
425,Luis Suárez,3,2,146,0,1,2,1,0,0,0,0,1,0,25,40,62.5,1,0,0,0,2,0,52,2,3,66.7,0,6,1,0,0,0,0,2,4,FW,35,uy,Nacional,Uruguay
426,Edinson Cavani,3,1,124,0,0,3,0,0,,0,0,1,0,27,37,73,0,0,0,0,0,0,45,1,1,100,0,1,1,0,0,0,0,2,1,FW,35,es,Valencia,Uruguay
427,Giorgian De Arrascaeta,2,1,108,2,0,3,3,0.67,0.67,2,0,0,0,32,52,61.5,3,1,1,2,1,0,70,0,1,0,0,0,0,6,0,0,0,0,4,MF,28,br,Flamengo,Uruguay
428,Martín Cáceres,1,1,90,0,0,0,0,,,0,0,1,0,68,79,86.1,0,0,0,0,2,0,83,1,1,100,1,0,0,0,0,0,0,1,0,DF,35,us,LA Galaxy,Uruguay
429,Nicolás De La Cruz,2,0,38,0,0,1,1,0,0,0,0,0,0,20,25,80,0,0,0,0,0,0,29,0,1,0,0,2,0,1,0,0,0,0,1,MF,25,ar,River Plate,Uruguay
430,Maxi Gómez,2,0,30,0,0,2,1,0,0,0,0,0,0,5,7,71.4,0,0,0,0,0,0,9,0,0,,1,1,0,0,0,0,0,2,0,FW,25,tr,Trabzonspor,Uruguay
431,Matías Viña,2,0,17,0,0,0,0,,,0,0,0,0,11,21,52.4,4,3,0,0,0,0,26,1,1,100,1,0,0,2,0,0,0,0,0,DF,24,it,Roma,Uruguay
432,Agustín Canobbio,1,0,11,0,0,0,0,,,0,0,0,0,5,7,71.4,1,1,1,0,0,0,11,0,0,,0,1,0,0,0,0,0,0,1,MF,23,br,Atl Paranaense,Uruguay
433,Aimen Dahmen,3,3,270,0,0,0,0,,,0,0,0,0,48,77,62.3,0,0,0,0,2,0,82,0,0,,0,0,0,0,0,0,0,0,0,GK,25,tn,CS Sfaxien,Tunisia
434,Yassine Meriah,3,3,270,0,0,1,0,0,,0,0,0,0,139,171,81.3,4,2,5,1,20,0,208,2,4,50,3,1,0,2,0,0,0,5,6,DF,28,tn,Espérance de Tunis,Tunisia
435,Ellyes Skhiri,3,3,270,0,0,2,0,0,,0,0,0,0,109,127,85.8,10,3,2,7,3,0,161,1,3,33.3,3,2,0,2,0,0,0,1,0,MF,27,de,Köln,Tunisia
436,Montassar Talbi,3,3,270,0,0,1,1,0,0,0,0,0,0,118,137,86.1,2,2,7,2,18,0,177,0,1,0,4,2,0,0,0,0,0,8,9,DF,24,fr,Lorient,Tunisia
437,Aïssa Laïdouni,3,3,243,0,1,2,0,0,,0,0,1,0,99,123,80.5,3,3,7,4,6,0,157,1,4,25,3,6,0,3,0,0,0,3,1,MF,25,hu,Ferencváros,Tunisia
438,Ali Abdi,3,2,188,0,0,0,0,,,0,0,1,0,72,116,62.1,8,5,1,4,13,1,154,1,2,50,5,0,1,5,0,0,0,9,5,DF,28,fr,Caen,Tunisia
439,Issam Jebali,3,2,182,0,0,3,1,0,0,0,0,0,0,25,35,71.4,3,3,1,0,3,0,60,1,2,50,10,2,1,2,0,0,0,2,15,FW,30,dk,Odense,Tunisia
440,Youssef Msakni,2,2,169,0,0,9,2,0,0,0,0,0,0,50,69,72.5,3,1,2,0,1,0,92,4,7,57.1,0,4,0,2,0,0,0,3,6,"MF,FW",31,qa,Al-Arabi SC,Tunisia
441,Dylan Bronn,2,2,162,0,0,1,0,0,,0,0,0,0,75,98,76.5,4,2,2,0,0,0,106,0,0,,1,1,0,0,0,0,0,2,4,DF,26,it,Salernitana,Tunisia
442,Anis Ben Slimane,2,2,148,0,0,1,1,0,0,0,0,0,0,29,46,63,3,1,2,1,1,0,72,0,1,0,0,0,0,8,0,0,0,5,3,MF,21,dk,Brøndby,Tunisia
443,Mohamed Dräger,2,2,132,0,0,4,0,0,,0,0,0,0,36,50,72,5,3,0,1,4,0,74,1,2,50,2,1,0,3,0,0,0,1,1,DF,25,ch,Luzern,Tunisia
444,Naïm Sliti,2,1,114,0,0,1,0,0,,0,0,0,0,29,51,56.9,3,1,0,0,1,0,65,5,8,62.5,0,3,2,13,0,0,0,1,1,"MF,FW",29,sa,Al-Ettifaq,Tunisia
445,Wajdi Kechrida,3,1,111,0,0,0,0,,,0,0,1,0,44,69,63.8,3,3,3,0,4,0,84,0,3,0,2,0,0,5,0,0,0,1,2,DF,26,gr,Atromitos,Tunisia
446,Nader Ghandri,1,1,90,0,0,0,0,,,0,0,0,0,27,33,81.8,2,2,4,1,4,0,44,0,0,,0,1,1,0,0,0,0,2,1,DF,27,tn,Club Africain,Tunisia
447,Ali Maâloul,1,1,90,0,0,0,0,,,0,0,0,0,39,63,61.9,1,1,2,0,4,0,72,0,0,,0,0,0,13,0,0,0,0,1,DF,32,eg,Al Ahly SC,Tunisia
448,Wahbi Khazri,2,1,83,1,0,5,3,0.2,0.33,1,0,0,0,13,20,65,2,0,0,0,0,0,37,0,3,0,1,2,2,2,0,0,0,0,0,"FW,MF",31,fr,Montpellier,Tunisia
449,Mohamed Ali Ben Romdhane,1,1,73,0,0,0,0,,,0,0,0,0,14,21,66.7,5,4,1,0,0,0,31,1,3,33.3,1,1,0,1,0,0,0,1,0,MF,22,tn,Espérance de Tunis,Tunisia
450,Ferjani Sassi,2,0,48,0,0,1,0,0,,0,0,1,0,25,34,73.5,2,0,1,1,0,0,40,2,3,66.7,1,1,0,0,0,0,0,2,0,"MF,DF",30,qa,Al Duhail SC,Tunisia
451,Taha Yassine Khenissi,2,0,29,0,0,1,0,0,,0,0,1,0,2,6,33.3,0,0,0,0,0,0,8,0,0,,3,1,0,0,0,0,0,1,2,FW,30,kw,Kuwait SC,Tunisia
452,Ghaylène Chaalali,1,0,17,0,0,0,0,,,0,0,0,0,3,4,75,0,0,1,2,1,0,12,0,0,,1,0,0,0,0,0,0,1,0,MF,28,tn,Espérance de Tunis,Tunisia
453,Hannibal Mejbri,1,0,11,0,0,0,0,,,0,0,0,0,2,2,100,1,0,0,1,0,0,4,0,0,,0,0,0,0,0,0,0,0,0,MF,19,eng,Birmingham City,Tunisia
454,Luis Chávez,3,3,270,1,0,10,4,0.1,0.25,1,0,0,0,99,139,71.2,1,0,6,1,3,0,171,2,6,33.3,3,8,0,19,0,0,0,5,5,MF,26,mx,Pachuca,Mexico
455,Jesús Gallardo,3,3,270,0,0,1,0,0,,0,0,0,0,93,134,69.4,9,5,5,1,10,0,170,3,4,75,4,1,0,9,0,0,0,1,0,DF,27,mx,Monterrey,Mexico
456,César Montes,3,3,270,0,1,1,0,0,,0,0,0,0,159,197,80.7,6,3,0,2,11,0,222,2,2,100,4,0,0,0,0,0,0,7,5,DF,25,mx,Monterrey,Mexico
457,Héctor Moreno,3,3,270,0,0,1,0,0,,0,0,1,0,165,195,84.6,2,1,2,1,4,0,210,0,0,,3,3,0,0,0,1,0,5,8,DF,34,mx,Monterrey,Mexico
458,Guillermo Ochoa,3,3,270,0,0,0,0,,,0,0,0,0,93,109,85.3,0,0,0,0,0,0,111,0,0,,0,1,0,0,0,0,0,0,0,GK,36,mx,América,Mexico
459,Hirving Lozano,3,3,252,0,0,6,3,0,0,0,0,0,0,42,77,54.5,7,2,4,0,1,0,113,5,10,50,7,11,2,24,0,0,0,1,10,FW,26,it,Napoli,Mexico
460,Alexis Vega,3,3,193,0,0,9,2,0,0,0,0,0,0,40,56,71.4,0,0,1,1,2,0,83,1,4,25,2,6,4,6,0,0,0,1,5,FW,24,mx,Guadalajara,Mexico
461,Edson Álvarez,2,2,175,0,0,1,1,0,0,0,0,1,0,86,114,75.4,3,2,1,4,2,0,131,1,1,100,4,1,1,0,0,0,0,11,5,MF,24,nl,Ajax,Mexico
462,Jorge Eduardo Sánchez,2,2,175,0,0,1,1,0,0,0,0,1,0,69,87,79.3,1,0,2,3,8,0,115,1,4,25,5,1,2,2,0,0,0,3,2,DF,24,nl,Ajax,Mexico
463,Héctor Herrera,2,2,160,0,0,0,0,,,0,0,1,0,64,78,82.1,4,3,1,3,0,0,92,0,1,0,4,1,0,4,0,0,0,6,2,MF,32,us,Houston Dynamo,Mexico
464,Henry Martín,2,2,146,1,0,4,2,0.25,0.5,1,0,0,0,13,20,65,1,1,2,2,1,0,36,1,1,100,3,3,2,0,0,0,0,3,2,FW,29,mx,América,Mexico
465,Néstor Araujo,1,1,90,0,0,0,0,,,0,0,1,0,44,53,83,1,1,0,3,1,0,60,0,0,,2,0,0,2,0,0,0,0,0,DF,30,mx,América,Mexico
466,Orbelín Pineda,1,1,76,0,0,4,1,0,0,0,0,0,0,18,25,72,4,3,2,0,0,0,47,0,2,0,2,4,0,0,0,0,0,0,2,MF,26,gr,AEK Athens,Mexico
467,Kevin Álvarez,2,1,70,0,0,0,0,,,0,0,0,0,19,29,65.5,1,0,2,1,2,0,38,1,3,33.3,0,1,0,1,0,0,0,0,2,DF,23,mx,Pachuca,Mexico
468,Andrés Guardado,1,1,41,0,0,0,0,,,0,0,0,0,11,16,68.8,4,2,0,0,1,0,23,0,0,,1,0,0,0,0,0,0,0,0,MF,35,es,Betis,Mexico
469,Uriel Antuna,3,0,77,0,0,2,1,0,0,0,0,0,0,12,20,60,4,3,1,0,0,0,33,0,1,0,0,1,2,7,0,0,0,0,2,"FW,MF",24,mx,Cruz Azul,Mexico
470,Raúl Jiménez,3,0,59,0,0,0,0,,,0,0,0,0,20,32,62.5,0,0,0,1,1,0,37,0,0,,1,1,0,2,0,0,0,3,0,FW,31,eng,Wolves,Mexico
471,Erick Gutiérrez,1,0,49,0,0,0,0,,,0,0,1,0,24,29,82.8,1,1,0,2,1,0,35,0,1,0,2,3,0,0,0,0,0,1,0,MF,26,nl,PSV Eindhoven,Mexico
472,Charly Rodríguez,2,0,34,0,0,0,0,,,0,0,0,0,21,30,70,0,0,2,0,0,0,36,2,2,100,1,1,0,1,0,0,0,0,1,MF,25,mx,Cruz Azul,Mexico
473,Roberto Alvarado,1,0,18,0,0,0,0,,,0,0,1,0,5,10,50,0,0,0,0,0,0,12,0,1,0,1,0,0,2,0,0,0,1,0,FW,23,mx,Guadalajara,Mexico
474,Rogelio Funes Mori,1,0,5,0,0,1,0,0,,0,0,0,0,0,0,,1,0,0,0,0,0,2,0,0,,2,1,0,0,0,0,0,0,0,FW,31,mx,Monterrey,Mexico
475,Toby Alderweireld,3,3,270,0,1,0,0,,,0,0,0,0,248,273,90.8,4,2,3,0,19,0,302,0,0,,0,0,0,2,0,0,0,1,2,DF,33,be,Antwerp,Belgium
476,Timothy Castagne,3,3,270,0,0,0,0,,,0,0,0,0,176,202,87.1,7,4,1,2,4,0,231,0,2,0,3,1,0,3,0,0,0,2,3,DF,26,eng,Leicester City,Belgium
477,Thibaut Courtois,3,3,270,0,0,0,0,,,0,0,0,0,108,123,87.8,0,0,0,0,0,1,130,1,1,100,0,0,0,0,0,0,0,0,0,GK,30,es,Real Madrid,Belgium
478,Kevin De Bruyne,3,3,270,0,0,7,2,0,0,0,0,0,0,93,136,68.4,1,1,2,0,3,0,167,4,8,50,0,2,0,18,0,0,0,4,0,"FW,MF",30,eng,Manchester City,Belgium
479,Jan Vertonghen,3,3,270,0,0,2,0,0,,0,0,0,0,238,269,88.5,0,0,2,5,12,0,294,0,0,,0,6,0,0,0,0,0,11,5,DF,35,be,Anderlecht,Belgium
480,Axel Witsel,3,3,270,0,0,1,0,0,,0,0,0,0,169,177,95.5,4,2,5,4,6,0,200,0,0,,5,4,0,0,0,0,0,4,2,MF,33,es,Atlético Madrid,Belgium
481,Thomas Meunier,3,2,211,0,0,3,1,0,0,0,0,1,0,110,147,74.8,6,6,1,2,5,0,173,1,3,33.3,4,1,0,6,0,0,0,2,3,DF,30,de,Dortmund,Belgium
482,Leander Dendoncker,2,2,161,0,0,1,0,0,,0,0,1,0,119,122,97.5,6,3,4,0,5,0,144,0,1,0,3,0,0,0,0,0,0,2,1,"DF,MF",27,eng,Aston Villa,Belgium
483,Michy Batshuayi,2,2,151,1,0,6,2,0.17,0.5,1,0,0,0,16,24,66.7,1,0,1,0,0,0,42,1,3,33.3,5,1,2,0,0,0,0,1,2,FW,28,tr,Fenerbahçe,Belgium
484,Eden Hazard,3,2,124,0,0,1,1,0,0,0,0,0,0,46,58,79.3,0,0,1,1,0,0,70,5,10,50,0,7,0,1,0,0,0,1,1,MF,31,es,Real Madrid,Belgium
485,Yannick Carrasco,2,2,116,0,0,4,0,0,,0,0,1,0,39,46,84.8,5,4,2,1,4,0,67,1,3,33.3,1,2,0,2,0,1,0,0,0,"FW,DF",28,es,Atlético Madrid,Belgium
486,Thorgan Hazard,2,1,106,0,0,0,0,,,0,0,0,0,40,58,69,3,2,4,0,0,0,70,0,2,0,2,2,1,9,0,0,0,0,3,FW,29,de,Dortmund,Belgium
487,Amadou Onana,2,1,104,0,0,2,0,0,,0,0,2,0,58,64,90.6,4,1,1,0,0,0,76,1,1,100,4,3,0,0,0,0,0,2,0,MF,20,eng,Everton,Belgium
488,Leandro Trossard,3,1,103,0,0,0,0,,,0,0,0,0,43,57,75.4,1,1,1,0,0,0,68,0,4,0,0,2,0,2,0,0,0,0,0,"FW,MF",27,eng,Brighton,Belgium
489,Youri Tielemans,3,1,95,0,0,0,0,,,0,0,0,0,53,64,82.8,3,1,4,2,0,0,77,0,0,,2,1,0,1,0,0,0,2,1,MF,25,eng,Leicester City,Belgium
490,Dries Mertens,2,1,76,0,0,3,1,0,0,0,0,0,0,22,33,66.7,2,0,0,0,0,0,39,1,1,100,0,0,0,5,0,0,0,0,0,"MF,FW",35,tr,Galatasaray,Belgium
491,Romelu Lukaku,2,0,55,0,0,5,2,0,0,0,0,0,0,6,9,66.7,0,0,0,0,1,0,16,1,1,100,1,0,0,0,0,0,0,1,0,FW,29,it,Inter,Belgium
492,Jeremy Doku,1,0,19,0,0,0,0,,,0,0,0,0,8,14,57.1,0,0,0,0,0,0,17,2,4,50,0,1,0,3,0,0,0,0,1,"MF,FW",20,fr,Rennes,Belgium
493,Charles De Ketelaere,1,0,16,0,0,0,0,,,0,0,0,0,3,4,75,0,0,0,0,0,0,6,0,0,,0,1,0,0,0,0,0,0,3,FW,21,it,Milan,Belgium
494,Loïs Openda,1,0,13,0,0,0,0,,,0,0,0,0,3,5,60,1,0,1,0,0,0,10,1,1,100,0,1,0,1,0,0,0,0,1,FW,22,fr,Lens,Belgium
495,Lawrence Ati-Zigi,3,3,270,0,0,0,0,,,0,0,0,0,54,78,69.2,0,0,0,0,0,0,87,0,0,,0,0,0,0,0,0,0,0,0,GK,25,ch,St,Ghana
496,Thomas Partey,3,3,270,0,0,2,0,0,,0,0,0,0,146,176,83,9,5,8,0,8,0,219,3,3,100,3,2,0,1,0,0,0,6,3,MF,29,eng,Arsenal,Ghana
497,Mohammed Salisu,3,3,270,1,0,2,1,0.5,1,1,0,0,0,109,151,72.2,2,1,5,3,17,0,184,0,0,,6,1,0,0,0,1,0,8,8,DF,23,eng,Southampton,Ghana
498,Iñaki Williams,3,3,270,0,0,2,0,0,,0,0,0,0,29,42,69,4,2,3,0,2,0,63,1,1,100,4,3,1,1,0,0,0,1,3,FW,27,es,Athletic Club,Ghana
499,Daniel Amartey,3,3,251,0,0,1,0,0,,0,0,2,0,128,141,90.8,6,4,4,3,12,0,172,1,1,100,3,1,0,0,0,0,0,5,4,DF,27,eng,Leicester City,Ghana
500,Salis Abdul Samed,3,3,250,0,0,1,0,0,,0,0,0,0,129,145,89,2,2,2,4,8,0,170,3,4,75,5,2,0,2,0,0,0,0,3,MF,22,fr,Lens,Ghana
501,Kudus Mohammed,3,3,247,2,0,8,4,0.25,0.5,2,0,1,0,62,87,71.3,5,4,4,1,0,0,119,10,15,66.7,3,5,1,6,1,0,0,0,4,"FW,MF",21,nl,Ajax,Ghana
502,André Ayew,3,3,198,1,0,1,1,1,1,1,0,1,0,30,37,81.1,4,1,1,0,3,0,61,0,2,0,2,6,1,0,0,0,0,3,13,"MF,FW",32,qa,Al Sadd SC,Ghana
503,Baba Rahman,3,2,183,0,0,0,0,,,0,0,0,0,66,100,66,5,3,1,1,3,1,121,1,5,20,7,1,0,11,0,0,0,2,4,DF,27,eng,Reading,Ghana
504,Alidu Seidu,2,2,155,0,0,1,0,0,,0,0,2,0,59,78,75.6,6,4,5,0,3,0,101,4,6,66.7,5,5,0,6,0,0,0,1,0,DF,22,fr,Clermont Foot,Ghana
505,Jordan Ayew,3,2,136,0,1,1,1,0,0,0,0,0,0,35,46,76.1,3,3,0,1,1,0,67,1,7,14.3,2,5,0,8,0,0,0,0,5,FW,30,eng,Crystal Palace,Ghana
506,Tariq Lamptey,2,1,102,0,0,1,0,0,,0,0,1,0,21,34,61.8,3,1,1,1,4,0,51,0,3,0,3,2,0,3,0,0,0,0,1,DF,21,eng,Brighton,Ghana
507,Alexander Djiku,2,1,97,0,0,0,0,,,0,0,0,0,22,28,78.6,1,1,0,2,9,0,43,0,0,,0,2,0,0,0,0,0,2,0,"DF,FW",27,fr,Strasbourg,Ghana
508,Gideon Mensah,1,1,87,0,1,0,0,,,0,0,0,0,36,46,78.3,1,1,1,2,5,0,59,0,0,,0,0,0,1,0,0,0,4,2,DF,23,fr,Auxerre,Ghana
509,Osman Bukari,2,0,59,1,0,3,1,0.33,1,1,0,0,0,14,20,70,0,0,0,1,1,0,30,0,2,0,1,1,0,1,0,0,0,1,2,MF,23,rs,Red Star,Ghana
510,Kamaldeen Sulemana,2,0,58,0,0,1,1,0,0,0,0,1,0,10,19,52.6,0,0,0,0,2,0,30,1,5,20,2,2,0,4,0,0,0,2,1,FW,20,fr,Rennes,Ghana
511,Daniel Kyereh,3,0,33,0,0,0,0,,,0,0,0,0,18,23,78.3,2,2,0,0,4,0,31,2,2,100,0,0,0,5,0,0,0,0,1,"MF,DF",26,de,Freiburg,Ghana
512,Antoine Semenyo,2,0,20,0,0,1,0,0,,0,0,0,0,1,2,50,0,0,0,0,0,0,6,0,0,,0,0,1,0,0,0,0,1,4,"FW,MF",22,eng,Bristol City,Ghana
513,Denis Odoi,1,0,13,0,0,0,0,,,0,0,0,0,2,2,100,1,0,2,0,2,0,7,0,0,,0,0,0,0,0,0,0,0,4,DF,34,be,Club Brugge,Ghana
514,Abdul Fatawu Issahaku,1,0,1,0,0,0,0,,,0,0,0,0,1,1,100,0,0,0,0,0,0,2,0,1,0,0,0,0,0,0,0,0,0,0,FW,18,pt,Sporting CP,Ghana
515,Saud Abdulhamid,3,3,270,0,0,1,0,0,,0,0,1,0,88,122,72.1,5,2,3,2,6,0,154,2,4,50,7,5,0,9,0,1,0,4,6,"DF,MF",22,sa,Al-Hilal,Saudi Arabia
516,Salem Al-Dawsari,3,3,270,2,0,6,4,0.33,0.5,2,0,1,0,86,111,77.5,5,4,1,1,2,0,151,2,10,20,3,3,0,3,0,0,0,1,1,MF,30,sa,Al-Hilal,Saudi Arabia
517,Mohamed Kanno,3,3,270,0,0,6,1,0,0,0,0,0,0,119,147,81,6,2,3,2,7,0,187,5,10,50,8,3,1,0,0,0,0,8,9,"MF,FW",27,sa,Al-Hilal,Saudi Arabia
518,Mohammed Al-Owais,3,3,270,0,0,0,0,,,0,0,1,0,57,100,57,0,0,0,0,4,0,113,0,0,,0,3,0,0,0,0,0,2,0,GK,30,sa,Al-Hilal,Saudi Arabia
519,Firas Al-Buraikan,3,3,268,0,1,2,0,0,,0,0,0,0,42,63,66.7,3,3,5,2,4,0,93,1,7,14.3,2,3,1,2,0,0,0,5,7,"MF,FW",22,sa,Al-Fateh,Saudi Arabia
520,Saleh Al-Shehri,3,3,223,1,0,2,2,0.5,0.5,1,0,1,0,29,47,61.7,3,1,3,0,2,0,74,0,2,0,6,5,0,1,1,0,0,6,7,FW,28,sa,Al-Hilal,Saudi Arabia
521,Ali Al-Bulaihi,3,3,216,0,0,0,0,,,0,0,1,0,78,97,80.4,4,2,1,3,1,0,110,0,0,,1,1,0,0,0,0,0,3,3,DF,32,sa,Al-Hilal,Saudi Arabia
522,Abdulelah Al-Amri,3,2,182,0,0,1,0,0,,0,0,2,0,74,104,71.2,1,0,2,4,10,0,130,0,0,,3,3,0,1,0,0,0,10,4,DF,25,sa,Al-Nassr,Saudi Arabia
523,Hassan Al Tambakti,2,2,180,0,0,0,0,,,0,0,1,0,40,55,72.7,4,2,3,3,6,0,76,0,0,,2,5,0,0,0,0,0,1,1,DF,23,sa,Al-Shabab,Saudi Arabia
524,Abdulellah Al-Malki,2,2,174,0,0,2,0,0,,0,0,2,0,66,84,78.6,3,1,3,2,4,1,104,0,0,,8,4,0,1,0,0,0,0,1,MF,27,sa,Al-Hilal,Saudi Arabia
525,Sultan Al-Ghanam,3,1,126,0,0,2,0,0,,0,0,0,0,34,52,65.4,0,0,3,2,3,0,71,0,2,0,2,0,1,7,0,0,0,0,0,"DF,MF",28,sa,Al-Nassr,Saudi Arabia
526,Yasser Al-Shahrani,1,1,89,0,0,0,0,,,0,0,0,0,13,29,44.8,3,1,0,6,6,0,44,0,0,,1,0,0,1,0,0,0,0,0,DF,30,sa,Al-Hilal,Saudi Arabia
527,Mohammed Al-Breik,2,1,65,0,0,2,1,0,0,0,0,0,0,39,48,81.3,1,0,2,1,4,0,56,0,0,,0,1,0,2,0,0,0,1,4,DF,29,sa,Al-Hilal,Saudi Arabia
528,Ali Al Hassan,1,1,45,0,0,1,0,0,,0,0,1,0,4,7,57.1,2,1,2,0,1,0,15,0,0,,2,0,0,1,0,0,0,0,0,MF,25,sa,Al-Nassr,Saudi Arabia
529,Sami Al-Najei,1,1,45,0,0,0,0,,,0,0,0,0,13,21,61.9,0,0,1,0,0,0,26,0,0,,0,0,0,5,0,0,0,0,1,MF,25,sa,Al-Nassr,Saudi Arabia
530,Salman Al-Faraj,1,1,44,0,0,0,0,,,0,0,0,0,12,16,75,1,0,2,0,0,0,20,0,0,,0,0,0,1,0,0,0,0,0,MF,32,sa,Al-Hilal,Saudi Arabia
531,Nawaf Al Abed,2,0,88,0,0,2,0,0,,0,0,1,0,33,39,84.6,0,0,0,1,0,0,51,1,2,50,2,2,0,2,0,0,0,0,1,MF,32,sa,Al-Shabab,Saudi Arabia
532,Riyadh Sharahili,1,0,54,0,0,0,0,,,0,0,0,0,14,17,82.4,0,0,1,2,4,0,29,1,2,50,4,0,0,0,0,0,0,1,1,MF,29,sa,Abha,Saudi Arabia
533,Abdullah Madu,1,0,45,0,0,0,0,,,0,0,1,0,5,13,38.5,1,0,3,0,2,0,18,0,0,,1,0,0,0,0,0,0,1,1,"DF,MF",28,sa,Al-Nassr,Saudi Arabia
534,Abdulrahman Al-Aboud,2,0,35,0,0,1,0,0,,0,0,0,0,8,13,61.5,3,3,0,0,0,0,23,0,3,0,0,0,0,2,0,0,0,1,1,"MF,DF",27,sa,Al-Ittihad,Saudi Arabia
535,Nasser Al-Dawsari,1,0,5,0,0,0,0,,,0,0,0,0,11,11,100,2,1,0,0,0,0,13,0,0,,1,0,0,1,0,0,0,0,0,FW,23,sa,Al-Hilal,Saudi Arabia
536,Hattan Bahebri,2,0,4,0,1,0,0,,,0,0,1,0,4,7,57.1,0,0,0,0,0,0,7,0,0,,2,0,0,0,0,0,0,1,0,MF,29,sa,Al-Shabab,Saudi Arabia
537,Asiri Haitham,1,0,2,0,0,0,0,,,0,0,0,0,1,2,50,0,0,2,0,1,0,5,0,0,,1,0,0,0,0,0,0,0,1,FW,21,sa,Al-Ahli,Saudi Arabia
538,Majid Hosseini,3,3,270,0,0,0,0,,,0,0,1,0,86,106,81.1,7,4,3,6,11,0,137,0,0,,4,1,1,0,0,0,0,6,4,DF,25,tr,Kayserispor,IR Iran
539,Morteza Pouraliganji,3,3,270,0,0,2,0,0,,0,0,1,0,92,128,71.9,2,2,5,6,10,0,156,0,0,,5,1,0,2,1,0,0,9,6,DF,30,ir,Persepolis,IR Iran
540,Mehdi Taremi,3,3,270,2,1,5,1,0.2,1,1,1,0,0,58,78,74.4,4,3,5,2,3,0,122,1,9,11.1,5,4,1,0,0,0,0,5,7,FW,29,pt,Porto,IR Iran
541,Ehsan Hajsafi,3,3,237,0,0,1,0,0,,0,0,0,0,61,98,62.2,6,3,3,2,2,0,121,0,2,0,1,3,0,11,0,0,0,2,0,"MF,DF",32,gr,AEK Athens,IR Iran
542,Ahmad Nourollahi,3,3,223,0,0,5,1,0,0,0,0,0,0,35,54,64.8,4,3,3,6,8,0,85,1,2,50,2,0,0,3,0,0,0,1,0,MF,29,ae,Al-Ahli Dubai FC,IR Iran
543,Milad Mohammadi,3,3,196,0,0,0,0,,,0,0,0,0,44,68,64.7,10,3,2,1,6,0,94,0,1,0,2,1,0,2,0,0,0,3,3,DF,28,gr,AEK Athens,IR Iran
544,Saeid Ezatolahi,3,2,217,0,0,3,1,0,0,0,0,0,0,66,88,75,6,1,3,2,4,0,116,0,1,0,2,5,0,4,0,0,0,6,4,MF,25,dk,Vejle BK,IR Iran
545,Ali Gholizadeh,3,2,199,0,1,1,0,0,,0,0,0,0,46,72,63.9,0,0,5,3,2,0,88,4,8,50,3,1,2,4,0,0,0,0,1,"MF,FW",26,be,Charleroi,IR Iran
546,Ramin Rezaeian,2,2,180,1,0,2,1,0.5,1,1,0,1,0,73,105,69.5,7,5,1,3,2,0,130,1,1,100,2,3,0,11,0,0,0,1,6,DF,32,ir,Sepahan,IR Iran
547,Sardar Azmoun,3,2,126,0,0,5,3,0,0,0,0,0,0,18,30,60,0,0,0,0,1,0,40,0,1,0,1,1,1,0,0,0,0,4,5,FW,27,de,Leverkusen,IR Iran
548,Alireza Beiranvand,2,2,109,0,0,0,0,,,0,0,0,0,20,31,64.5,0,0,0,0,2,0,33,0,0,,0,0,0,0,0,0,0,0,0,GK,29,ir,Persepolis,IR Iran
549,Hossein Hosseini,2,1,161,0,0,0,0,,,0,0,0,0,23,47,48.9,0,0,0,0,0,0,49,0,0,,0,0,0,0,0,0,0,1,1,GK,29,ir,Esteghlal,IR Iran
550,Ali Karimi,3,1,99,0,0,0,0,,,0,0,0,0,34,45,75.6,3,3,0,3,1,0,55,0,0,,4,1,0,2,0,0,0,3,2,MF,28,tr,Kayserispor,IR Iran
551,Sadegh Moharrami,1,1,90,0,0,0,0,,,0,0,0,0,18,26,69.2,1,1,1,1,3,0,34,1,1,100,2,0,0,3,0,0,0,1,2,DF,26,hr,Dinamo Zagreb,IR Iran
552,Alireza Jahanbakhsh,2,1,59,0,0,3,0,0,,0,0,2,0,11,17,64.7,1,1,2,1,0,0,27,1,1,100,2,0,0,1,0,0,0,0,3,MF,28,nl,Feyenoord,IR Iran
553,Roozbeh Cheshmi,2,1,58,1,0,1,1,1,1,1,0,0,0,7,11,63.6,0,0,1,2,3,0,19,0,0,,1,0,0,0,0,0,0,1,2,"DF,MF",28,ir,Esteghlal,IR Iran
554,Mehdi Torabi,3,0,62,0,0,2,0,0,,0,0,0,0,30,37,81.1,1,0,1,2,0,0,48,1,2,50,0,0,0,1,0,0,0,0,1,MF,27,ir,Persepolis,IR Iran
555,Saman Ghoddos,1,0,45,0,0,1,0,0,,0,0,0,0,15,20,75,1,0,0,0,0,0,24,0,0,,1,0,0,2,0,0,0,0,1,MF,28,eng,Brentford,IR Iran
556,Hossein Kanaanizadegan,1,0,45,0,0,0,0,,,0,0,1,0,8,11,72.7,0,0,1,1,2,0,15,0,0,,0,1,0,0,0,0,0,0,0,DF,28,qa,Al Ahli SC,IR Iran
557,Karim Ansarifard,2,0,35,0,0,1,0,0,,0,0,0,0,4,5,80,0,0,1,1,0,0,11,0,0,,0,0,1,0,0,0,0,0,1,"FW,MF",32,cy,AC Omonia,IR Iran
558,Abolfazl Jalali,1,0,19,0,0,0,0,,,0,0,1,0,20,29,69,0,0,0,0,1,0,34,1,5,20,1,4,0,2,0,0,0,0,0,DF,23,ir,Esteghlal,IR Iran
559,Óscar Duarte,3,3,270,0,0,0,0,,,0,0,1,0,68,98,69.4,4,2,3,6,15,0,132,0,0,,1,0,0,0,0,1,0,2,3,DF,33,sa,Al-Wehda,Costa Rica
560,Keylor Navas,3,3,270,0,0,0,0,,,0,0,0,0,61,102,59.8,1,0,0,1,2,1,113,0,0,,0,0,0,0,0,0,0,0,0,GK,35,fr,Paris S-G,Costa Rica
561,Joel Campbell,3,3,269,0,0,1,0,0,,0,0,1,0,104,138,75.4,9,5,3,0,4,0,176,6,13,46.2,3,11,3,7,0,0,0,5,6,"FW,MF",29,mx,León,Costa Rica
562,Yeltsin Tejeda,3,3,269,1,1,2,2,0.5,0.5,1,0,0,0,78,99,78.8,4,2,7,1,7,0,129,0,2,0,0,2,0,0,0,0,0,4,2,MF,30,cr,Club Sport Herediano,Costa Rica
563,Bryan Oviedo,3,3,260,0,0,0,0,,,0,0,0,0,67,89,75.3,6,5,3,3,7,0,114,0,2,0,2,4,1,2,0,0,0,2,0,DF,32,us,Real Salt Lake,Costa Rica
564,Keysher Fuller,3,3,253,1,0,3,2,0.33,0.5,1,0,0,0,44,63,69.8,4,4,2,3,9,0,93,1,2,50,2,4,2,2,0,0,0,0,1,"DF,MF",27,cr,Club Sport Herediano,Costa Rica
565,Celso Borges,3,3,249,0,0,0,0,,,0,0,1,0,98,120,81.7,5,1,8,4,7,0,144,2,2,100,2,0,0,2,0,0,0,6,0,MF,34,cr,Liga Deportiva Alajuelense,Costa Rica
566,Kendall Waston,3,2,225,0,0,1,1,0,0,0,0,0,0,57,71,80.3,7,4,2,5,14,0,107,0,0,,1,0,0,0,0,0,0,4,3,DF,34,cr,Deportivo Saprissa,Costa Rica
567,Francisco Calvo,2,2,180,0,0,1,0,0,,0,0,2,0,86,104,82.7,7,4,3,2,2,0,122,2,2,100,6,0,1,0,0,0,0,2,1,DF,29,tr,Konyaspor,Costa Rica
568,Anthony Contreras,3,2,125,0,0,0,0,,,0,0,1,0,15,26,57.7,5,2,0,1,0,0,39,0,0,,1,1,0,1,0,0,0,5,6,"FW,MF",22,cr,Club Sport Herediano,Costa Rica
569,Jewison Bennette,3,1,103,0,0,1,0,0,,0,0,0,0,11,14,78.6,0,0,2,0,0,0,30,1,4,25,0,2,2,2,0,0,0,0,2,MF,17,eng,Sunderland,Costa Rica
570,Brandon Aguilera,3,1,90,0,0,0,0,,,0,0,0,0,27,38,71.1,2,0,1,1,0,0,44,2,3,66.7,2,2,1,1,0,0,0,2,1,MF,18,cr,Asociación Deportiva Guanacasteca,Costa Rica
571,Juan Pablo Vargas,1,1,90,1,0,2,2,0.5,0.5,1,0,0,0,19,24,79.2,4,3,0,2,10,0,43,0,0,,0,0,0,0,0,0,0,1,0,DF,27,co,Millonarios,Costa Rica
572,Johan Venegas,1,1,73,0,0,0,0,,,0,0,0,0,11,14,78.6,0,0,0,0,2,0,21,0,1,0,1,1,2,1,0,0,0,0,2,"FW,MF",33,cr,Liga Deportiva Alajuelense,Costa Rica
573,Gerson Torres,1,1,64,0,0,1,0,0,,0,0,0,0,16,16,100,0,0,1,0,0,0,25,0,2,0,1,8,0,0,0,0,0,0,0,MF,24,cr,Club Sport Herediano,Costa Rica
574,Carlos Martínez,1,1,45,0,0,0,0,,,0,0,0,0,10,15,66.7,1,1,1,1,1,0,20,0,0,,1,0,0,0,0,0,0,1,0,DF,23,cr,AD San Carlos,Costa Rica
575,Youstin Salas,2,0,47,0,0,0,0,,,0,0,0,0,15,19,78.9,5,1,3,0,1,0,29,1,2,50,0,0,0,0,0,0,0,1,0,"DF,MF",25,cr,Deportivo Saprissa,Costa Rica
576,Bryan Ruiz,1,0,30,0,0,0,0,,,0,0,0,0,8,12,66.7,1,1,1,0,0,0,14,1,1,100,0,1,0,0,0,0,0,2,2,MF,36,cr,Liga Deportiva Alajuelense,Costa Rica
577,Álvaro Zamora,1,0,30,0,0,0,0,,,0,0,0,0,5,5,100,2,0,0,1,0,0,9,0,0,,0,0,1,0,0,0,0,0,1,MF,20,cr,Deportivo Saprissa,Costa Rica
578,Rónald Matarrita,2,0,26,0,0,0,0,,,0,0,0,0,18,29,62.1,0,0,1,0,0,0,32,1,1,100,1,1,0,3,0,0,0,0,0,"DF,MF",27,us,FC Cincinnati,Costa Rica
579,Daniel Chacón,1,0,1,0,0,0,0,,,0,0,0,0,1,1,100,0,0,0,0,1,0,2,0,0,,0,0,0,0,0,0,0,1,0,MF,21,cr,CS Cartaginés,Costa Rica
580,Roan Wilson,1,0,1,0,0,0,0,,,0,0,0,0,4,4,100,0,0,1,0,1,0,8,0,0,,0,0,0,0,0,0,0,0,0,MF,20,cr,Municipal Grecia,Costa Rica
581,Joachim Andersen,3,3,270,0,1,4,1,0,0,0,0,0,0,198,250,79.2,4,2,2,0,12,0,279,0,1,0,3,4,0,1,0,0,0,10,8,DF,26,eng,Crystal Palace,Denmark
582,Andreas Christensen,3,3,270,1,0,2,1,0.5,1,1,0,1,0,237,251,94.4,4,2,7,4,9,0,280,0,0,,2,1,1,0,0,0,0,6,4,DF,26,es,Barcelona,Denmark
583,Christian Eriksen,3,3,270,0,0,4,1,0,0,0,0,0,0,188,230,81.7,1,0,5,0,1,0,254,0,4,0,2,1,0,30,0,0,0,0,4,MF,30,eng,Manchester Utd,Denmark
584,Pierre Højbjerg,3,3,270,0,0,2,1,0,0,0,0,0,0,200,224,89.3,4,2,3,3,6,0,250,1,2,50,0,1,0,1,0,0,0,1,0,MF,26,eng,Tottenham,Denmark
585,Kasper Schmeichel,3,3,270,0,0,0,0,,,0,0,0,0,72,87,82.8,0,0,0,0,0,0,91,0,0,,0,0,0,0,0,0,0,2,0,GK,35,fr,Nice,Denmark
586,Joakim Mæhle,3,3,249,0,0,2,0,0,,0,0,0,0,119,146,81.5,9,5,7,2,6,0,189,0,9,0,1,4,0,4,0,0,0,1,9,DF,25,it,Atalanta,Denmark
587,Rasmus Nissen,3,3,224,0,0,0,0,,,0,0,1,0,137,179,76.5,8,7,3,1,7,0,208,1,5,20,2,1,0,7,0,0,0,3,1,DF,24,eng,Leeds United,Denmark
588,Jesper Lindstrøm,3,2,200,0,0,3,1,0,0,0,0,0,0,36,52,69.2,1,1,4,1,1,0,86,4,12,33.3,4,2,0,3,0,0,0,1,1,"MF,FW",22,de,Eint Frankfurt,Denmark
589,Andreas Skov Olsen,2,2,132,0,0,4,1,0,0,0,0,0,0,43,63,68.3,0,0,3,1,0,0,78,0,2,0,2,1,0,4,0,0,0,1,2,"FW,MF",22,be,Club Brugge,Denmark
590,Mikkel Damsgaard,3,1,150,0,0,0,0,,,0,0,0,0,55,72,76.4,4,2,2,2,1,0,90,0,2,0,2,1,1,3,0,0,0,0,1,"MF,FW",21,eng,Brentford,Denmark
591,Kasper Dolberg,3,1,114,0,0,3,1,0,0,0,0,0,0,15,18,83.3,1,1,0,0,1,0,35,1,3,33.3,2,2,1,1,0,0,0,0,1,FW,24,es,Sevilla,Denmark
592,Martin Braithwaite,2,1,103,0,0,1,0,0,,0,0,0,0,14,20,70,0,0,0,0,0,0,24,1,2,50,0,0,2,0,0,0,0,1,3,"FW,MF",31,es,Espanyol,Denmark
593,Andreas Cornelius,3,1,92,0,0,5,2,0,0,0,0,1,0,21,34,61.8,0,0,0,0,1,0,48,1,1,100,4,2,0,1,0,0,0,11,8,FW,29,dk,FC Copenhagen,Denmark
594,Victor Nelsson,1,1,90,0,0,0,0,,,0,0,0,0,69,74,93.2,0,0,2,2,1,0,79,0,0,,0,2,0,0,0,0,0,4,3,DF,23,tr,Galatasaray,Denmark
595,Mathias Jensen,2,1,84,0,0,2,1,0,0,0,0,1,0,52,67,77.6,1,0,2,0,0,0,77,1,1,100,2,1,0,2,0,0,0,1,0,MF,26,eng,Brentford,Denmark
596,Simon Kjær,1,1,64,0,0,0,0,,,0,0,0,0,50,59,84.7,0,0,1,5,2,0,68,0,0,,0,0,0,0,0,0,0,3,1,DF,33,it,Milan,Denmark
597,Thomas Delaney,1,1,44,0,0,0,0,,,0,0,0,0,24,29,82.8,1,1,0,0,1,0,31,0,0,,0,0,0,1,0,0,0,2,1,MF,30,es,Sevilla,Denmark
598,Alexander Bah,2,0,46,0,0,2,0,0,,0,0,0,0,37,53,69.8,4,4,2,2,0,0,65,0,2,0,1,0,0,4,0,0,0,4,0,DF,24,pt,Benfica,Denmark
599,Robert Skov,1,0,22,0,0,0,0,,,0,0,1,0,17,21,81,0,0,0,0,0,0,23,0,1,0,1,0,0,5,0,0,0,0,1,DF,26,de,Hoffenheim,Denmark
600,Christian Nørgaard,1,0,6,0,0,0,0,,,0,0,0,0,14,15,93.3,0,0,0,0,0,0,15,0,0,,0,0,0,0,0,0,0,0,0,MF,28,eng,Brentford,Denmark
601,Nikola Milenković,3,3,270,0,0,3,0,0,,0,0,2,0,141,163,86.5,10,5,6,6,10,1,200,0,0,,8,2,0,1,0,0,0,6,2,DF,24,it,Fiorentina,Serbia
602,Vanja Milinković-Savić,3,3,270,0,0,0,0,,,0,0,0,0,90,125,72,0,0,0,1,2,0,136,0,0,,0,0,0,0,0,0,0,1,0,GK,25,it,Torino,Serbia
603,Aleksandar Mitrović,3,3,262,2,0,10,3,0.2,0.67,2,0,1,0,54,69,78.3,1,0,1,0,1,0,95,1,1,100,3,1,1,1,0,0,0,5,12,FW,27,eng,Fulham,Serbia
604,Dušan Tadić,3,3,257,0,2,1,0,0,,0,0,0,0,90,127,70.9,4,2,4,1,0,0,151,3,6,50,7,4,1,17,0,0,0,0,0,"MF,FW",33,nl,Ajax,Serbia
605,Saša Lukić,3,3,245,0,0,1,0,0,,0,0,2,0,143,162,88.3,2,0,2,1,5,1,182,0,1,0,7,1,0,1,0,0,0,3,3,MF,25,it,Torino,Serbia
606,Strahinja Pavlović,3,3,235,1,0,2,1,0.5,1,1,0,2,0,121,156,77.6,7,2,6,1,7,0,186,2,3,66.7,6,4,0,1,0,0,0,12,2,DF,21,at,RB Salzburg,Serbia
607,Sergej Milinković-Savić,3,3,233,1,0,3,1,0.33,1,1,0,1,0,87,120,72.5,5,1,5,2,5,0,162,3,6,50,2,4,0,1,0,0,0,3,3,MF,27,it,Lazio,Serbia
608,Miloš Veljković,3,3,221,0,0,0,0,,,0,0,0,0,98,112,87.5,4,1,2,0,7,0,126,0,0,,1,0,0,0,0,0,0,2,1,DF,26,de,Werder Bremen,Serbia
609,Andrija Živković,3,3,210,0,2,1,0,0,,0,0,0,0,71,96,74,5,3,5,3,3,0,120,0,1,0,2,4,0,8,0,0,0,2,2,DF,25,gr,PAOK,Serbia
610,Filip Kostić,2,2,179,0,0,1,0,0,,0,0,0,0,72,113,63.7,6,3,3,0,1,0,129,0,1,0,3,1,2,16,0,0,0,0,0,DF,29,it,Juventus,Serbia
611,Nemanja Maksimović,3,1,122,0,0,0,0,,,0,0,0,0,50,57,87.7,4,2,3,3,3,0,76,0,0,,0,1,0,2,0,0,0,0,3,MF,27,es,Getafe,Serbia
612,Nemanja Gudelj,2,1,92,0,0,0,0,,,0,0,2,0,44,52,84.6,2,2,2,2,1,1,61,0,0,,3,0,0,0,0,0,0,1,1,"MF,DF",30,es,Sevilla,Serbia
613,Dušan Vlahović,2,1,79,1,0,3,3,0.33,0.33,1,0,0,0,6,11,54.5,1,0,0,0,0,0,20,0,1,0,0,2,0,0,0,0,0,2,2,FW,22,it,Juventus,Serbia
614,Filip Mladenović,1,1,65,0,0,1,0,0,,0,0,0,0,20,25,80,0,0,1,0,1,0,32,0,2,0,0,0,0,1,0,0,0,1,0,DF,30,pl,Legia Warsaw,Serbia
615,Nemanja Radonjić,3,0,60,0,0,2,0,0,,0,0,0,0,15,24,62.5,0,0,0,0,1,0,37,0,5,0,0,2,0,6,0,0,0,0,1,"DF,FW",26,it,Torino,Serbia
616,Luka Jović,1,0,36,0,0,2,0,0,,0,0,1,0,6,10,60,0,0,1,1,0,0,15,0,0,,1,0,0,0,0,0,0,1,3,FW,24,it,Fiorentina,Serbia
617,Stefan Mitrović,1,0,35,0,0,0,0,,,0,0,0,0,18,21,85.7,0,0,0,0,0,0,22,0,0,,0,0,0,0,0,0,0,0,2,DF,32,es,Getafe,Serbia
618,Ivan Ilić,1,0,34,0,0,0,0,,,0,0,0,0,19,20,95,0,0,0,1,0,0,23,0,0,,0,0,0,0,0,0,0,1,0,MF,21,it,Hellas Verona,Serbia
619,Darko Lazović,1,0,25,0,0,1,0,0,,0,0,0,0,7,12,58.3,0,0,0,0,0,0,14,0,0,,0,1,0,1,0,0,0,0,0,DF,31,it,Hellas Verona,Serbia
620,Filip Đuričić,2,0,14,0,0,0,0,,,0,0,0,0,5,6,83.3,0,0,0,0,0,0,9,0,0,,0,1,0,0,0,0,0,2,1,"MF,FW",30,it,Sampdoria,Serbia
621,Srđan Babić,1,0,13,0,0,0,0,,,0,0,0,0,10,16,62.5,1,0,0,0,1,0,18,0,0,,0,0,0,0,0,0,0,0,0,DF,26,es,Almería,Serbia
622,Marko Grujić,1,0,13,0,0,1,1,0,0,0,0,0,0,14,17,82.4,1,1,0,0,1,0,21,0,1,0,0,0,0,0,0,0,0,1,0,MF,26,pt,Porto,Serbia
623,Chris Mepham,3,3,270,0,0,0,0,,,0,0,1,0,141,172,82,8,6,3,1,16,0,200,0,0,,7,1,1,0,0,0,0,7,2,DF,24,eng,Bournemouth,Wales
624,Joe Rodon,3,3,270,0,0,0,0,,,0,0,1,0,152,169,89.9,2,2,2,4,13,0,192,0,0,,3,0,0,0,0,0,0,5,6,DF,24,fr,Rennes,Wales
625,Aaron Ramsey,3,3,266,0,0,1,0,0,,0,0,1,0,88,112,78.6,2,0,4,0,2,1,143,2,8,25,3,3,0,5,0,0,0,0,2,MF,31,fr,Nice,Wales
626,Ethan Ampadu,3,3,255,0,0,1,0,0,,0,0,0,0,108,144,75,4,3,9,4,10,0,178,2,3,66.7,5,3,0,2,0,0,0,3,5,"MF,DF",21,it,Spezia,Wales
627,Ben Davies,3,3,238,0,0,3,2,0,0,0,0,0,0,122,161,75.8,4,2,4,1,8,1,186,2,3,66.7,1,3,0,0,0,0,0,7,4,DF,29,eng,Tottenham,Wales
628,Gareth Bale,3,3,225,1,0,1,1,0,0,0,1,1,0,33,53,62.3,1,1,1,1,1,0,68,1,3,33.3,2,5,2,2,1,0,0,4,7,FW,32,us,Los Angeles FC,Wales
629,Neco Williams,3,3,204,0,0,3,0,0,,0,0,0,0,69,101,68.3,5,3,5,4,5,0,136,1,7,14.3,3,5,0,5,0,0,0,2,1,DF,21,eng,Nott'ham Forest,Wales
630,Kieffer Moore,3,2,225,0,0,6,2,0,0,0,0,0,0,36,56,64.3,1,0,3,2,7,0,95,0,1,0,5,4,1,0,0,0,0,11,6,FW,29,eng,Bournemouth,Wales
631,Connor Roberts,3,2,200,0,0,0,0,,,0,0,0,0,92,118,78,3,3,2,1,7,0,140,0,0,,0,1,0,7,0,0,0,1,1,DF,26,eng,Burnley,Wales
632,Wayne Hennessey,2,2,175,0,0,0,0,,,0,0,0,1,50,66,75.8,0,0,0,0,0,0,68,0,0,,1,0,0,0,0,0,0,1,0,GK,35,eng,Nott'ham Forest,Wales
633,Harry Wilson,3,2,160,0,0,2,0,0,,0,0,0,0,48,64,75,4,2,1,1,3,0,82,0,1,0,1,2,0,9,0,0,0,1,2,"MF,FW",25,eng,Fulham,Wales
634,Daniel James,3,2,154,0,0,0,0,,,0,0,1,0,24,36,66.7,1,1,2,0,1,0,49,1,4,25,1,2,0,4,0,0,0,0,1,"FW,MF",24,eng,Fulham,Wales
635,Joe Allen,2,1,94,0,0,2,0,0,,0,0,0,0,30,36,83.3,1,1,1,1,4,0,53,0,0,,0,2,0,0,0,0,0,0,1,MF,32,eng,Swansea City,Wales
636,Danny Ward,2,1,94,0,0,0,0,,,0,0,0,0,24,39,61.5,0,0,0,0,0,1,42,0,0,,0,0,0,0,0,0,0,0,0,GK,28,eng,Leicester City,Wales
637,Brennan Johnson,3,0,91,0,0,3,1,0,0,0,0,0,0,10,17,58.8,0,0,1,0,1,0,33,0,5,0,2,1,0,1,0,0,0,0,2,"FW,MF",21,eng,Nott'ham Forest,Wales
638,Joe Morrell,2,0,33,0,0,0,0,,,0,0,0,0,12,14,85.7,3,2,2,1,0,0,24,0,0,,1,1,0,0,0,0,0,0,1,MF,25,eng,Portsmouth,Wales
639,Rubin Colwill,1,0,10,0,0,1,0,0,,0,0,0,0,2,4,50,0,0,1,0,0,0,6,0,0,,0,0,0,0,0,0,0,0,0,MF,20,eng,Cardiff City,Wales
640,Sorba Thomas,1,0,1,0,0,0,0,,,0,0,0,0,3,4,75,1,1,0,0,0,0,6,0,1,0,0,0,0,1,0,0,0,0,0,MF,22,eng,Huddersfield,Wales
641,Milan Borjan,3,3,270,0,0,0,0,,,0,0,0,0,76,98,77.6,0,0,0,0,2,1,105,0,0,,0,0,0,0,0,0,0,0,0,GK,34,rs,Red Star,Canada
642,Alphonso Davies,3,3,270,1,0,3,1,0.33,1,1,0,1,0,82,114,71.9,2,1,5,3,1,0,158,11,24,45.8,4,4,1,10,0,0,0,3,2,"MF,DF",21,de,Bayern Munich,Canada
643,Alistair Johnston,3,3,270,0,0,2,1,0,0,0,0,1,0,147,186,79,5,3,6,2,4,0,212,1,1,100,5,3,0,8,0,0,0,4,2,DF,23,us,CF Montréal,Canada
644,Kamal Miller,3,3,270,0,0,0,0,,,0,0,1,0,186,205,90.7,6,4,1,4,11,1,229,1,2,50,0,3,0,0,0,0,0,7,5,DF,25,us,CF Montréal,Canada
645,Steven Vitória,3,3,270,0,0,0,0,,,0,0,1,0,160,186,86,3,3,4,0,7,0,204,0,1,0,6,5,0,0,0,0,0,4,2,DF,35,pt,Chaves,Canada
646,Tajon Buchanan,3,3,260,0,1,5,0,0,,0,0,1,0,61,89,68.5,1,1,3,3,0,0,130,7,25,28,6,6,2,8,0,0,0,1,2,"MF,DF",23,be,Club Brugge,Canada
647,Jonathan David,3,2,192,0,0,8,1,0,0,0,0,0,0,41,60,68.3,1,1,0,0,0,0,85,0,4,0,0,1,0,0,0,0,0,1,2,"FW,MF",22,fr,Lille,Canada
648,Junior Hoilett,3,2,161,0,0,4,0,0,,0,0,1,0,43,59,72.9,8,4,0,1,0,0,81,2,7,28.6,1,5,1,13,0,0,0,0,0,"FW,MF",32,eng,Reading,Canada
649,Richie Laryea,3,2,160,0,0,2,0,0,,0,0,0,0,35,47,74.5,3,1,2,0,3,0,73,2,6,33.3,1,2,2,1,0,0,0,0,1,"DF,MF",27,us,Toronto FC,Canada
650,Atiba Hutchinson,3,2,159,0,0,2,0,0,,0,0,0,0,100,112,89.3,4,1,3,1,3,0,130,1,1,100,2,2,0,0,0,0,0,5,0,MF,39,tr,Beşiktaş,Canada
651,Cyle Larin,3,2,137,0,0,3,1,0,0,0,0,0,0,21,29,72.4,0,0,0,0,2,0,44,1,4,25,2,0,2,3,0,0,0,2,1,FW,27,be,Club Brugge,Canada
652,Stephen Eustáquio,2,2,125,0,0,3,0,0,,0,0,0,0,83,93,89.2,4,2,0,2,6,0,110,1,1,100,1,1,0,1,0,0,0,1,1,MF,25,pt,Porto,Canada
653,Jonathan Osorio,3,1,119,0,0,1,0,0,,0,0,1,0,52,57,91.2,2,1,0,1,1,0,67,1,2,50,1,2,0,0,0,0,0,0,1,"MF,FW",30,us,Toronto FC,Canada
654,Sam Adekugbe,3,1,95,0,0,0,0,,,0,0,1,0,63,71,88.7,0,0,1,1,1,0,77,1,1,100,1,0,0,5,0,0,0,2,0,DF,27,tr,Hatayspor,Canada
655,Mark-Anthony Kaye,1,1,59,0,0,1,0,0,,0,0,0,0,51,61,83.6,2,1,0,0,0,0,68,0,0,,1,1,0,0,0,0,0,0,1,MF,27,us,Toronto FC,Canada
656,Ismaël Koné,3,0,109,0,0,0,0,,,0,0,0,0,96,101,95,0,0,0,0,0,0,103,1,2,50,0,1,0,1,0,0,0,0,0,"MF,DF",20,us,CF Montréal,Canada
657,Lucas Cavallini,1,0,19,0,0,0,0,,,0,0,0,0,2,2,100,0,0,0,0,0,0,3,0,0,,1,0,0,1,0,0,0,0,1,FW,29,us,Vancouver,Canada
658,David Wotherspoon,1,0,15,0,0,0,0,,,0,0,0,0,4,7,57.1,0,0,1,0,0,0,9,1,1,100,0,1,0,1,0,0,0,0,0,MF,32,sct,St Johnstone,Canada
659,Liam Millar,1,0,10,0,0,0,0,,,0,0,0,0,4,9,44.4,0,0,0,0,0,0,9,0,0,,1,0,0,2,0,0,0,0,0,DF,22,ch,Basel,Canada
660,Akram Afif,3,3,270,0,0,2,0,0,,0,0,1,0,139,165,84.2,0,0,0,0,0,0,182,3,7,42.9,2,6,1,13,0,0,0,1,1,FW,25,qa,Al Sadd SC,Qatar
661,Abdelkarim Hassan,3,3,270,0,0,6,0,0,,0,0,0,0,122,161,75.8,7,3,3,1,5,0,195,1,5,20,1,4,1,6,0,0,0,3,1,DF,28,qa,Al Sadd SC,Qatar
662,Boualem Khoukhi,3,3,270,0,0,0,0,,,0,0,0,0,169,197,85.8,2,2,6,3,18,1,232,0,3,0,1,5,0,0,0,0,0,6,7,DF,31,qa,Al Sadd SC,Qatar
663,Homam Ahmed,3,3,262,0,0,0,0,,,0,0,1,0,77,105,73.3,2,2,0,2,1,0,118,3,5,60,5,8,0,5,0,0,0,5,2,DF,22,qa,Al-Gharafa Sports Club,Qatar
664,Ró-Ró,3,3,262,0,0,2,0,0,,0,0,0,0,78,108,72.2,6,4,2,8,3,0,135,2,4,50,4,5,0,3,0,0,0,3,2,DF,31,qa,Al Sadd SC,Qatar
665,Almoez Ali,3,3,224,0,0,3,1,0,0,0,0,1,0,33,45,73.3,1,0,0,1,1,0,66,0,3,0,2,2,3,0,0,0,0,2,9,FW,25,qa,Al Duhail SC,Qatar
666,Hassan Al-Haydos,3,3,206,0,0,1,1,0,0,0,0,0,0,65,80,81.3,4,1,0,2,1,0,102,2,6,33.3,4,0,1,4,0,0,0,0,2,MF,31,qa,Al Sadd SC,Qatar
667,Abdulaziz Hatem,3,2,196,0,0,1,1,0,0,0,0,0,0,72,91,79.1,1,1,0,1,0,0,98,1,1,100,4,1,0,1,0,0,0,1,2,MF,31,qa,Al Rayyan SC,Qatar
668,Karim Boudiaf,3,2,185,0,0,0,0,,,0,0,1,0,94,106,88.7,2,1,0,0,3,0,121,1,3,33.3,2,1,0,0,0,0,0,6,7,MF,31,qa,Al Duhail SC,Qatar
669,Meshaal Barsham,2,2,180,0,0,0,0,,,0,0,0,0,45,63,71.4,0,0,0,0,1,1,69,0,0,,0,0,0,0,0,0,0,0,1,GK,24,qa,Al Sadd SC,Qatar
670,Ismail Mohamad,2,2,174,0,1,2,2,0,0,0,0,1,0,,,,,2,,2,,,,,,,1,6,1,8,,,0,,,FW,32,qa,Al Duhail SC,Qatar
671,Assim Madibo,2,2,153,0,0,0,0,,,0,0,1,0,58,70,82.9,6,3,6,2,0,0,86,0,0,,1,1,0,0,0,0,0,1,0,MF,25,qa,Al Duhail SC,Qatar
672,Bassam Al-Rawi,1,1,90,0,0,0,0,,,0,0,0,0,47,57,82.5,0,0,0,0,7,0,68,1,1,100,1,2,0,0,0,0,0,1,0,DF,24,qa,Al Duhail SC,Qatar
673,Saad Al Sheeb,1,1,90,0,0,0,0,,,0,0,1,0,18,20,90,0,0,0,0,0,0,22,0,0,,1,1,0,0,0,1,0,1,0,GK,32,qa,Al Sadd SC,Qatar
674,Mohammed Muntari,3,0,63,1,0,3,1,0.33,1,1,0,0,0,17,19,89.5,2,2,0,0,2,0,28,0,0,,1,2,0,0,0,0,0,3,1,"FW,MF",28,qa,Al Duhail SC,Qatar
675,Mohammed Waad,2,0,28,0,0,0,0,,,0,0,0,0,9,12,75,0,0,1,1,1,0,16,1,1,100,1,0,0,1,0,0,0,0,0,"MF,DF",22,qa,Al Sadd SC,Qatar
676,Ali Assadalla,1,0,27,0,0,0,0,,,0,0,0,0,21,23,91.3,0,0,1,0,0,0,24,1,1,100,0,0,0,0,0,0,0,0,0,MF,29,qa,Al Sadd SC,Qatar
677,Tarek Salman,1,0,8,0,0,0,0,,,0,0,0,0,7,10,70,1,0,0,1,0,0,13,0,0,,0,0,0,1,0,0,0,0,0,DF,24,qa,Al Sadd SC,Qatar
678,Ahmed Alaaeldin,1,0,6,0,0,0,0,,,0,0,0,0,0,2,0,0,0,0,0,0,0,2,0,0,,0,0,0,0,0,0,0,0,0,FW,29,qa,Al-Gharafa Sports Club,Qatar
679,Musab Kheder,1,0,6,0,0,0,0,,,0,0,0,0,3,3,100,1,1,0,0,0,0,5,0,0,,0,1,0,0,0,0,0,0,0,DF,28,qa,Al Sadd SC,Qatar
